trip_id,stop_sequence,arrival_time,arrival_minutes,Hour,Period
MQ_C6-Weekday-036700_M66_501,6,06:10:43,370.71666666666664,6,Morning
MQ_C6-Weekday-036700_M66_501,7,06:13:32,373.53333333333336,6,Morning
MQ_C6-Weekday-036700_M66_501,8,06:14:00,374.0,6,Morning
MQ_C6-Weekday-036700_M66_501,9,06:15:06,375.1,6,Morning
MQ_C6-Weekday-036700_M66_501,10,06:18:00,378.0,6,Morning
MQ_C6-Weekday-037900_M66_504,6,06:22:43,382.71666666666664,6,Morning
MQ_C6-Weekday-037900_M66_504,7,06:25:32,385.53333333333336,6,Morning
MQ_C6-Weekday-037900_M66_504,8,06:26:00,386.0,6,Morning
MQ_C6-Weekday-037900_M66_504,9,06:27:06,387.1,6,Morning
MQ_C6-Weekday-037900_M66_504,10,06:30:00,390.0,6,Morning
MQ_C6-Weekday-040100_M66_505,6,06:44:54,404.9,6,Morning
MQ_C6-Weekday-040100_M66_505,7,06:48:25,408.4166666666667,6,Morning
MQ_C6-Weekday-040100_M66_505,8,06:49:00,409.0,6,Morning
MQ_C6-Weekday-040100_M66_505,9,06:50:22,410.3666666666667,6,Morning
MQ_C6-Weekday-040100_M66_505,10,06:54:00,414.0,6,Morning
MQ_C6-Weekday-040900_M66_503,6,06:52:54,412.9,6,Morning
MQ_C6-Weekday-040900_M66_503,7,06:56:25,416.4166666666667,6,Morning
MQ_C6-Weekday-040900_M66_503,8,06:57:00,417.0,6,Morning
MQ_C6-Weekday-040900_M66_503,9,06:58:22,418.3666666666667,6,Morning
MQ_C6-Weekday-040900_M66_503,10,07:02:00,422.0,6,Morning
MQ_C6-Weekday-041700_M66_506,6,07:00:54,420.9,7,Morning
MQ_C6-Weekday-041700_M66_506,7,07:04:25,424.4166666666667,7,Morning
MQ_C6-Weekday-041700_M66_506,8,07:05:00,425.0,7,Morning
MQ_C6-Weekday-041700_M66_506,9,07:06:38,426.6333333333333,7,Morning
MQ_C6-Weekday-041700_M66_506,10,07:11:00,431.0,7,Morning
MQ_C6-Weekday-042300_M66_501,6,07:07:54,427.9,7,Morning
MQ_C6-Weekday-042300_M66_501,7,07:11:25,431.4166666666667,7,Morning
MQ_C6-Weekday-042300_M66_501,8,07:12:00,432.0,7,Morning
MQ_C6-Weekday-042300_M66_501,9,07:13:38,433.6333333333333,7,Morning
MQ_C6-Weekday-042300_M66_501,10,07:18:00,438.0,7,Morning
MQ_C6-Weekday-042900_M66_507,6,07:13:54,433.9,7,Morning
MQ_C6-Weekday-042900_M66_507,7,07:17:25,437.4166666666667,7,Morning
MQ_C6-Weekday-042900_M66_507,8,07:18:00,438.0,7,Morning
MQ_C6-Weekday-042900_M66_507,9,07:19:38,439.6333333333333,7,Morning
MQ_C6-Weekday-042900_M66_507,10,07:24:00,444.0,7,Morning
MQ_C6-Weekday-043500_M66_504,6,07:19:54,439.9,7,Morning
MQ_C6-Weekday-043500_M66_504,7,07:23:25,443.4166666666667,7,Morning
MQ_C6-Weekday-043500_M66_504,8,07:24:00,444.0,7,Morning
MQ_C6-Weekday-043500_M66_504,9,07:25:38,445.6333333333333,7,Morning
MQ_C6-Weekday-043500_M66_504,10,07:30:00,450.0,7,Morning
MQ_C6-Weekday-044000_M66_508,6,07:24:54,444.9,7,Morning
MQ_C6-Weekday-044000_M66_508,7,07:28:25,448.4166666666667,7,Morning
MQ_C6-Weekday-044000_M66_508,8,07:29:00,449.0,7,Morning
MQ_C6-Weekday-044000_M66_508,9,07:30:38,450.6333333333333,7,Morning
MQ_C6-Weekday-044000_M66_508,10,07:35:00,455.0,7,Morning
MQ_C6-Weekday-045000_M66_502,6,07:35:37,455.6166666666667,7,Morning
MQ_C6-Weekday-045000_M66_502,7,07:41:58,461.96666666666664,7,Morning
MQ_C6-Weekday-045000_M66_502,8,07:43:00,463.0,7,Morning
MQ_C6-Weekday-045000_M66_502,9,07:44:38,464.6333333333333,7,Morning
MQ_C6-Weekday-045000_M66_502,10,07:49:00,469.0,7,Morning
MQ_C6-Weekday-045500_M66_510,6,07:40:37,460.6166666666667,7,Morning
MQ_C6-Weekday-045500_M66_510,7,07:46:58,466.96666666666664,7,Morning
MQ_C6-Weekday-045500_M66_510,8,07:48:00,468.0,7,Morning
MQ_C6-Weekday-045500_M66_510,9,07:49:38,469.6333333333333,7,Morning
MQ_C6-Weekday-045500_M66_510,10,07:54:00,474.0,7,Morning
MQ_C6-Weekday-046000_M66_505,6,07:45:37,465.6166666666667,7,Morning
MQ_C6-Weekday-046000_M66_505,7,07:51:58,471.96666666666664,7,Morning
MQ_C6-Weekday-046000_M66_505,8,07:53:00,473.0,7,Morning
MQ_C6-Weekday-046000_M66_505,9,07:54:38,474.6333333333333,7,Morning
MQ_C6-Weekday-046000_M66_505,10,07:59:00,479.0,7,Morning
MQ_C6-Weekday-046400_M66_511,6,07:49:37,469.6166666666667,7,Morning
MQ_C6-Weekday-046400_M66_511,7,07:55:58,475.96666666666664,7,Morning
MQ_C6-Weekday-046400_M66_511,8,07:57:00,477.0,7,Morning
MQ_C6-Weekday-046400_M66_511,9,07:58:38,478.6333333333333,7,Morning
MQ_C6-Weekday-046400_M66_511,10,08:03:00,483.0,7,Morning
MQ_C6-Weekday-046800_M66_503,6,07:53:37,473.6166666666667,7,Morning
MQ_C6-Weekday-046800_M66_503,7,07:59:58,479.96666666666664,7,Morning
MQ_C6-Weekday-046800_M66_503,8,08:01:00,481.0,7,Morning
MQ_C6-Weekday-046800_M66_503,9,08:02:38,482.6333333333333,7,Morning
MQ_C6-Weekday-046800_M66_503,10,08:07:00,487.0,7,Morning
MQ_C6-Weekday-047200_M66_512,6,07:57:37,477.6166666666667,7,Morning
MQ_C6-Weekday-047200_M66_512,7,08:03:58,483.96666666666664,7,Morning
MQ_C6-Weekday-047200_M66_512,8,08:05:00,485.0,7,Morning
MQ_C6-Weekday-047200_M66_512,9,08:06:38,486.6333333333333,7,Morning
MQ_C6-Weekday-047200_M66_512,10,08:11:00,491.0,7,Morning
MQ_C6-Weekday-047600_M66_506,6,08:01:37,481.6166666666667,8,Morning
MQ_C6-Weekday-047600_M66_506,7,08:07:58,487.96666666666664,8,Morning
MQ_C6-Weekday-047600_M66_506,8,08:09:00,489.0,8,Morning
MQ_C6-Weekday-047600_M66_506,9,08:10:38,490.6333333333333,8,Morning
MQ_C6-Weekday-047600_M66_506,10,08:15:00,495.0,8,Morning
MQ_C6-Weekday-048000_M66_513,6,08:05:37,485.6166666666667,8,Morning
MQ_C6-Weekday-048000_M66_513,7,08:11:58,491.96666666666664,8,Morning
MQ_C6-Weekday-048000_M66_513,8,08:13:00,493.0,8,Morning
MQ_C6-Weekday-048000_M66_513,9,08:14:38,494.6333333333333,8,Morning
MQ_C6-Weekday-048000_M66_513,10,08:19:00,499.0,8,Morning
MQ_C6-Weekday-048400_M66_501,6,08:09:37,489.6166666666667,8,Morning
MQ_C6-Weekday-048400_M66_501,7,08:15:58,495.96666666666664,8,Morning
MQ_C6-Weekday-048400_M66_501,8,08:17:00,497.0,8,Morning
MQ_C6-Weekday-048400_M66_501,9,08:18:38,498.6333333333333,8,Morning
MQ_C6-Weekday-048400_M66_501,10,08:23:00,503.0,8,Morning
MQ_C6-Weekday-048800_M66_514,6,08:13:37,493.6166666666667,8,Morning
MQ_C6-Weekday-048800_M66_514,7,08:19:58,499.96666666666664,8,Morning
MQ_C6-Weekday-048800_M66_514,8,08:21:00,501.0,8,Morning
MQ_C6-Weekday-048800_M66_514,9,08:22:38,502.6333333333333,8,Morning
MQ_C6-Weekday-048800_M66_514,10,08:27:00,507.0,8,Morning
MQ_C6-Weekday-049200_M66_507,6,08:17:37,497.6166666666667,8,Morning
MQ_C6-Weekday-049200_M66_507,7,08:23:58,503.96666666666664,8,Morning
MQ_C6-Weekday-049200_M66_507,8,08:25:00,505.0,8,Morning
MQ_C6-Weekday-049200_M66_507,9,08:26:38,506.6333333333333,8,Morning
MQ_C6-Weekday-049200_M66_507,10,08:31:00,511.0,8,Morning
MQ_C6-Weekday-049600_M66_504,6,08:21:37,501.6166666666667,8,Morning
MQ_C6-Weekday-049600_M66_504,7,08:27:58,507.96666666666664,8,Morning
MQ_C6-Weekday-049600_M66_504,8,08:29:00,509.0,8,Morning
MQ_C6-Weekday-049600_M66_504,9,08:30:38,510.6333333333333,8,Morning
MQ_C6-Weekday-049600_M66_504,10,08:35:00,515.0,8,Morning
MQ_C6-Weekday-050000_M66_508,6,08:25:37,505.6166666666667,8,Morning
MQ_C6-Weekday-050000_M66_508,7,08:31:58,511.96666666666664,8,Morning
MQ_C6-Weekday-050000_M66_508,8,08:33:00,513.0,8,Morning
MQ_C6-Weekday-050000_M66_508,9,08:34:38,514.6333333333333,8,Morning
MQ_C6-Weekday-050000_M66_508,10,08:39:00,519.0,8,Morning
MQ_C6-Weekday-051200_M66_502,6,08:37:37,517.6166666666667,8,Morning
MQ_C6-Weekday-051200_M66_502,7,08:43:58,523.9666666666667,8,Morning
MQ_C6-Weekday-051200_M66_502,8,08:45:00,525.0,8,Morning
MQ_C6-Weekday-051200_M66_502,9,08:46:38,526.6333333333333,8,Morning
MQ_C6-Weekday-051200_M66_502,10,08:51:00,531.0,8,Morning
MQ_C6-Weekday-051800_M66_510,6,08:43:37,523.6166666666667,8,Morning
MQ_C6-Weekday-051800_M66_510,7,08:49:58,529.9666666666667,8,Morning
MQ_C6-Weekday-051800_M66_510,8,08:51:00,531.0,8,Morning
MQ_C6-Weekday-051800_M66_510,9,08:52:38,532.6333333333333,8,Morning
MQ_C6-Weekday-051800_M66_510,10,08:57:00,537.0,8,Morning
MQ_C6-Weekday-052400_M66_505,6,08:49:37,529.6166666666667,8,Morning
MQ_C6-Weekday-052400_M66_505,7,08:55:58,535.9666666666667,8,Morning
MQ_C6-Weekday-052400_M66_505,8,08:57:00,537.0,8,Morning
MQ_C6-Weekday-052400_M66_505,9,08:58:38,538.6333333333333,8,Morning
MQ_C6-Weekday-052400_M66_505,10,09:03:00,543.0,8,Morning
MQ_C6-Weekday-053000_M66_511,6,08:55:37,535.6166666666667,8,Morning
MQ_C6-Weekday-053000_M66_511,7,09:01:58,541.9666666666667,8,Morning
MQ_C6-Weekday-053000_M66_511,8,09:03:00,543.0,8,Morning
MQ_C6-Weekday-053000_M66_511,9,09:04:38,544.6333333333333,8,Morning
MQ_C6-Weekday-053000_M66_511,10,09:09:00,549.0,8,Morning
MQ_C6-Weekday-053600_M66_503,6,09:01:37,541.6166666666667,9,Morning
MQ_C6-Weekday-053600_M66_503,7,09:07:58,547.9666666666667,9,Morning
MQ_C6-Weekday-053600_M66_503,8,09:09:00,549.0,9,Morning
MQ_C6-Weekday-053600_M66_503,9,09:10:38,550.6333333333333,9,Morning
MQ_C6-Weekday-053600_M66_503,10,09:15:00,555.0,9,Morning
MQ_C6-Weekday-054200_M66_512,6,09:07:37,547.6166666666667,9,Morning
MQ_C6-Weekday-054200_M66_512,7,09:13:58,553.9666666666667,9,Morning
MQ_C6-Weekday-054200_M66_512,8,09:15:00,555.0,9,Morning
MQ_C6-Weekday-054200_M66_512,9,09:16:38,556.6333333333333,9,Morning
MQ_C6-Weekday-054200_M66_512,10,09:21:00,561.0,9,Morning
MQ_C6-Weekday-054800_M66_506,6,09:13:37,553.6166666666667,9,Morning
MQ_C6-Weekday-054800_M66_506,7,09:19:58,559.9666666666667,9,Morning
MQ_C6-Weekday-054800_M66_506,8,09:21:00,561.0,9,Morning
MQ_C6-Weekday-054800_M66_506,9,09:22:38,562.6333333333333,9,Morning
MQ_C6-Weekday-054800_M66_506,10,09:27:00,567.0,9,Morning
MQ_C6-Weekday-055400_M66_513,6,09:19:37,559.6166666666667,9,Morning
MQ_C6-Weekday-055400_M66_513,7,09:25:58,565.9666666666667,9,Morning
MQ_C6-Weekday-055400_M66_513,8,09:27:00,567.0,9,Morning
MQ_C6-Weekday-055400_M66_513,9,09:28:38,568.6333333333333,9,Morning
MQ_C6-Weekday-055400_M66_513,10,09:33:00,573.0,9,Morning
MQ_C6-Weekday-056000_M66_514,6,09:25:37,565.6166666666667,9,Morning
MQ_C6-Weekday-056000_M66_514,7,09:31:58,571.9666666666667,9,Morning
MQ_C6-Weekday-056000_M66_514,8,09:33:00,573.0,9,Morning
MQ_C6-Weekday-056000_M66_514,9,09:34:38,574.6333333333333,9,Morning
MQ_C6-Weekday-056000_M66_514,10,09:39:00,579.0,9,Morning
MQ_C6-Weekday-057800_M66_508,6,09:43:37,583.6166666666667,9,Morning
MQ_C6-Weekday-057800_M66_508,7,09:49:58,589.9666666666667,9,Morning
MQ_C6-Weekday-057800_M66_508,8,09:51:00,591.0,9,Morning
MQ_C6-Weekday-057800_M66_508,9,09:52:38,592.6333333333333,9,Morning
MQ_C6-Weekday-057800_M66_508,10,09:57:00,597.0,9,Morning
MQ_C6-Weekday-058800_M66_509,6,09:53:37,593.6166666666667,9,Morning
MQ_C6-Weekday-058800_M66_509,7,09:59:58,599.9666666666667,9,Morning
MQ_C6-Weekday-058800_M66_509,8,10:01:00,601.0,9,Morning
MQ_C6-Weekday-058800_M66_509,9,10:02:38,602.6333333333333,9,Morning
MQ_C6-Weekday-058800_M66_509,10,10:07:00,607.0,9,Morning
MQ_C6-Weekday-059800_M66_510,6,10:03:37,603.6166666666667,10,Morning
MQ_C6-Weekday-059800_M66_510,7,10:09:58,609.9666666666667,10,Morning
MQ_C6-Weekday-059800_M66_510,8,10:11:00,611.0,10,Morning
MQ_C6-Weekday-059800_M66_510,9,10:12:38,612.6333333333333,10,Morning
MQ_C6-Weekday-059800_M66_510,10,10:17:00,617.0,10,Morning
MQ_C6-Weekday-060800_M66_511,6,10:13:37,613.6166666666667,10,Morning
MQ_C6-Weekday-060800_M66_511,7,10:19:58,619.9666666666667,10,Morning
MQ_C6-Weekday-060800_M66_511,8,10:21:00,621.0,10,Morning
MQ_C6-Weekday-060800_M66_511,9,10:22:38,622.6333333333333,10,Morning
MQ_C6-Weekday-060800_M66_511,10,10:27:00,627.0,10,Morning
MQ_C6-Weekday-061800_M66_512,6,10:23:37,623.6166666666667,10,Morning
MQ_C6-Weekday-061800_M66_512,7,10:29:58,629.9666666666667,10,Morning
MQ_C6-Weekday-061800_M66_512,8,10:31:00,631.0,10,Morning
MQ_C6-Weekday-061800_M66_512,9,10:32:38,632.6333333333333,10,Morning
MQ_C6-Weekday-061800_M66_512,10,10:37:00,637.0,10,Morning
MQ_C6-Weekday-063800_M66_514,6,10:43:48,643.8,10,Morning
MQ_C6-Weekday-063800_M66_514,7,10:50:51,650.85,10,Morning
MQ_C6-Weekday-063800_M66_514,8,10:52:00,652.0,10,Morning
MQ_C6-Weekday-063800_M66_514,9,10:53:38,653.6333333333333,10,Morning
MQ_C6-Weekday-063800_M66_514,10,10:58:00,658.0,10,Morning
MQ_C6-Weekday-064800_M66_504,6,10:53:48,653.8,10,Morning
MQ_C6-Weekday-064800_M66_504,7,11:00:51,660.85,10,Morning
MQ_C6-Weekday-064800_M66_504,8,11:02:00,662.0,10,Morning
MQ_C6-Weekday-064800_M66_504,9,11:03:38,663.6333333333333,10,Morning
MQ_C6-Weekday-064800_M66_504,10,11:08:00,668.0,10,Morning
MQ_C6-Weekday-090200_M66_514,6,15:07:48,907.8,15,Evening
MQ_C6-Weekday-090200_M66_514,7,15:14:51,914.85,15,Evening
MQ_C6-Weekday-090200_M66_514,8,15:16:00,916.0,15,Evening
MQ_C6-Weekday-090200_M66_514,9,15:17:38,917.6333333333333,15,Evening
MQ_C6-Weekday-090200_M66_514,10,15:22:00,922.0,15,Evening
MQ_C6-Weekday-090900_M66_516,6,15:14:48,914.8,15,Evening
MQ_C6-Weekday-090900_M66_516,7,15:21:51,921.85,15,Evening
MQ_C6-Weekday-090900_M66_516,8,15:23:00,923.0,15,Evening
MQ_C6-Weekday-090900_M66_516,9,15:24:38,924.6333333333333,15,Evening
MQ_C6-Weekday-090900_M66_516,10,15:29:00,929.0,15,Evening
MQ_C6-Weekday-091600_M66_508,6,15:21:48,921.8,15,Evening
MQ_C6-Weekday-091600_M66_508,7,15:28:51,928.85,15,Evening
MQ_C6-Weekday-091600_M66_508,8,15:30:00,930.0,15,Evening
MQ_C6-Weekday-091600_M66_508,9,15:31:38,931.6333333333333,15,Evening
MQ_C6-Weekday-091600_M66_508,10,15:36:00,936.0,15,Evening
MQ_C6-Weekday-093000_M66_506,6,15:35:48,935.8,15,Evening
MQ_C6-Weekday-093000_M66_506,7,15:42:51,942.85,15,Evening
MQ_C6-Weekday-093000_M66_506,8,15:44:00,944.0,15,Evening
MQ_C6-Weekday-093000_M66_506,9,15:45:38,945.6333333333333,15,Evening
MQ_C6-Weekday-093000_M66_506,10,15:50:00,950.0,15,Evening
MQ_C6-Weekday-093700_M66_521,6,15:42:48,942.8,15,Evening
MQ_C6-Weekday-093700_M66_521,7,15:49:51,949.85,15,Evening
MQ_C6-Weekday-093700_M66_521,8,15:51:00,951.0,15,Evening
MQ_C6-Weekday-093700_M66_521,9,15:52:38,952.6333333333333,15,Evening
MQ_C6-Weekday-093700_M66_521,10,15:57:00,957.0,15,Evening
MQ_C6-Weekday-094400_M66_510,6,15:49:48,949.8,15,Evening
MQ_C6-Weekday-094400_M66_510,7,15:56:51,956.85,15,Evening
MQ_C6-Weekday-094400_M66_510,8,15:58:00,958.0,15,Evening
MQ_C6-Weekday-094400_M66_510,9,15:59:38,959.6333333333333,15,Evening
MQ_C6-Weekday-094400_M66_510,10,16:04:00,964.0,15,Evening
MQ_C6-Weekday-095100_M66_507,6,15:56:48,956.8,15,Evening
MQ_C6-Weekday-095100_M66_507,7,16:03:51,963.85,15,Evening
MQ_C6-Weekday-095100_M66_507,8,16:05:00,965.0,15,Evening
MQ_C6-Weekday-095100_M66_507,9,16:06:38,966.6333333333333,15,Evening
MQ_C6-Weekday-095100_M66_507,10,16:11:00,971.0,15,Evening
MQ_C6-Weekday-095800_M66_519,6,16:03:48,963.8,16,Evening
MQ_C6-Weekday-095800_M66_519,7,16:10:51,970.85,16,Evening
MQ_C6-Weekday-095800_M66_519,8,16:12:00,972.0,16,Evening
MQ_C6-Weekday-095800_M66_519,9,16:13:38,973.6333333333333,16,Evening
MQ_C6-Weekday-095800_M66_519,10,16:18:00,978.0,16,Evening
MQ_C6-Weekday-096300_M66_511,6,16:08:48,968.8,16,Evening
MQ_C6-Weekday-096300_M66_511,7,16:15:51,975.85,16,Evening
MQ_C6-Weekday-096300_M66_511,8,16:17:00,977.0,16,Evening
MQ_C6-Weekday-096300_M66_511,9,16:18:38,978.6333333333333,16,Evening
MQ_C6-Weekday-096300_M66_511,10,16:23:00,983.0,16,Evening
MQ_C6-Weekday-096800_M66_515,6,16:13:48,973.8,16,Evening
MQ_C6-Weekday-096800_M66_515,7,16:20:51,980.85,16,Evening
MQ_C6-Weekday-096800_M66_515,8,16:22:00,982.0,16,Evening
MQ_C6-Weekday-096800_M66_515,9,16:23:38,983.6333333333333,16,Evening
MQ_C6-Weekday-096800_M66_515,10,16:28:00,988.0,16,Evening
MQ_C6-Weekday-097300_M66_517,6,16:18:48,978.8,16,Evening
MQ_C6-Weekday-097300_M66_517,7,16:25:51,985.85,16,Evening
MQ_C6-Weekday-097300_M66_517,8,16:27:00,987.0,16,Evening
MQ_C6-Weekday-097300_M66_517,9,16:28:38,988.6333333333333,16,Evening
MQ_C6-Weekday-097300_M66_517,10,16:33:00,993.0,16,Evening
MQ_C6-Weekday-097800_M66_514,6,16:23:48,983.8,16,Evening
MQ_C6-Weekday-097800_M66_514,7,16:30:51,990.85,16,Evening
MQ_C6-Weekday-097800_M66_514,8,16:32:00,992.0,16,Evening
MQ_C6-Weekday-097800_M66_514,9,16:33:06,993.1,16,Evening
MQ_C6-Weekday-097800_M66_514,10,16:36:00,996.0,16,Evening
MQ_C6-Weekday-098800_M66_508,6,16:33:37,993.6166666666667,16,Evening
MQ_C6-Weekday-098800_M66_508,7,16:39:58,999.9666666666667,16,Evening
MQ_C6-Weekday-098800_M66_508,8,16:41:00,1001.0,16,Evening
MQ_C6-Weekday-098800_M66_508,9,16:42:06,1002.1,16,Evening
MQ_C6-Weekday-098800_M66_508,10,16:45:00,1005.0,16,Evening
MQ_C6-Weekday-099300_M66_520,6,16:38:37,998.6166666666667,16,Evening
MQ_C6-Weekday-099300_M66_520,7,16:44:58,1004.9666666666667,16,Evening
MQ_C6-Weekday-099300_M66_520,8,16:46:00,1006.0,16,Evening
MQ_C6-Weekday-099300_M66_520,9,16:47:06,1007.1,16,Evening
MQ_C6-Weekday-099300_M66_520,10,16:50:00,1010.0,16,Evening
MQ_C6-Weekday-099800_M66_518,6,16:43:37,1003.6166666666667,16,Evening
MQ_C6-Weekday-099800_M66_518,7,16:49:58,1009.9666666666667,16,Evening
MQ_C6-Weekday-099800_M66_518,8,16:51:00,1011.0,16,Evening
MQ_C6-Weekday-099800_M66_518,9,16:52:06,1012.1,16,Evening
MQ_C6-Weekday-099800_M66_518,10,16:55:00,1015.0,16,Evening
MQ_C6-Weekday-100300_M66_506,6,16:48:37,1008.6166666666667,16,Evening
MQ_C6-Weekday-100300_M66_506,7,16:54:58,1014.9666666666667,16,Evening
MQ_C6-Weekday-100300_M66_506,8,16:56:00,1016.0,16,Evening
MQ_C6-Weekday-100300_M66_506,9,16:57:06,1017.1,16,Evening
MQ_C6-Weekday-100300_M66_506,10,17:00:00,1020.0,16,Evening
MQ_C6-Weekday-100800_M66_521,6,16:53:37,1013.6166666666667,16,Evening
MQ_C6-Weekday-100800_M66_521,7,16:59:58,1019.9666666666667,16,Evening
MQ_C6-Weekday-100800_M66_521,8,17:01:00,1021.0,16,Evening
MQ_C6-Weekday-100800_M66_521,9,17:02:06,1022.1,16,Evening
MQ_C6-Weekday-100800_M66_521,10,17:05:00,1025.0,16,Evening
MQ_C6-Weekday-101300_M66_512,6,16:58:37,1018.6166666666667,16,Evening
MQ_C6-Weekday-101300_M66_512,7,17:04:58,1024.9666666666667,16,Evening
MQ_C6-Weekday-101300_M66_512,8,17:06:00,1026.0,16,Evening
MQ_C6-Weekday-101300_M66_512,9,17:07:06,1027.1,16,Evening
MQ_C6-Weekday-101300_M66_512,10,17:10:00,1030.0,16,Evening
MQ_C6-Weekday-101800_M66_510,6,17:03:37,1023.6166666666667,17,Evening
MQ_C6-Weekday-101800_M66_510,7,17:09:58,1029.9666666666667,17,Evening
MQ_C6-Weekday-101800_M66_510,8,17:11:00,1031.0,17,Evening
MQ_C6-Weekday-101800_M66_510,9,17:12:06,1032.1,17,Evening
MQ_C6-Weekday-101800_M66_510,10,17:15:00,1035.0,17,Evening
MQ_C6-Weekday-102300_M66_507,6,17:08:37,1028.6166666666666,17,Evening
MQ_C6-Weekday-102300_M66_507,7,17:14:58,1034.9666666666667,17,Evening
MQ_C6-Weekday-102300_M66_507,8,17:16:00,1036.0,17,Evening
MQ_C6-Weekday-102300_M66_507,9,17:17:06,1037.1,17,Evening
MQ_C6-Weekday-102300_M66_507,10,17:20:00,1040.0,17,Evening
MQ_C6-Weekday-102800_M66_513,6,17:13:37,1033.6166666666666,17,Evening
MQ_C6-Weekday-102800_M66_513,7,17:19:58,1039.9666666666667,17,Evening
MQ_C6-Weekday-102800_M66_513,8,17:21:00,1041.0,17,Evening
MQ_C6-Weekday-102800_M66_513,9,17:22:06,1042.1,17,Evening
MQ_C6-Weekday-102800_M66_513,10,17:25:00,1045.0,17,Evening
MQ_C6-Weekday-103300_M66_519,6,17:18:37,1038.6166666666666,17,Evening
MQ_C6-Weekday-103300_M66_519,7,17:24:58,1044.9666666666667,17,Evening
MQ_C6-Weekday-103300_M66_519,8,17:26:00,1046.0,17,Evening
MQ_C6-Weekday-103300_M66_519,9,17:27:06,1047.1,17,Evening
MQ_C6-Weekday-103300_M66_519,10,17:30:00,1050.0,17,Evening
MQ_C6-Weekday-103800_M66_511,6,17:23:37,1043.6166666666666,17,Evening
MQ_C6-Weekday-103800_M66_511,7,17:29:58,1049.9666666666667,17,Evening
MQ_C6-Weekday-103800_M66_511,8,17:31:00,1051.0,17,Evening
MQ_C6-Weekday-103800_M66_511,9,17:32:06,1052.1,17,Evening
MQ_C6-Weekday-103800_M66_511,10,17:35:00,1055.0,17,Evening
MQ_C6-Weekday-104800_M66_517,6,17:33:37,1053.6166666666666,17,Evening
MQ_C6-Weekday-104800_M66_517,7,17:39:58,1059.9666666666667,17,Evening
MQ_C6-Weekday-104800_M66_517,8,17:41:00,1061.0,17,Evening
MQ_C6-Weekday-104800_M66_517,9,17:42:06,1062.1,17,Evening
MQ_C6-Weekday-104800_M66_517,10,17:45:00,1065.0,17,Evening
MQ_C6-Weekday-105400_M66_514,6,17:39:37,1059.6166666666666,17,Evening
MQ_C6-Weekday-105400_M66_514,7,17:45:58,1065.9666666666667,17,Evening
MQ_C6-Weekday-105400_M66_514,8,17:47:00,1067.0,17,Evening
MQ_C6-Weekday-105400_M66_514,9,17:48:06,1068.1,17,Evening
MQ_C6-Weekday-105400_M66_514,10,17:51:00,1071.0,17,Evening
MQ_C6-Weekday-106000_M66_520,6,17:45:37,1065.6166666666666,17,Evening
MQ_C6-Weekday-106000_M66_520,7,17:51:58,1071.9666666666667,17,Evening
MQ_C6-Weekday-106000_M66_520,8,17:53:00,1073.0,17,Evening
MQ_C6-Weekday-106000_M66_520,9,17:54:06,1074.1,17,Evening
MQ_C6-Weekday-106000_M66_520,10,17:57:00,1077.0,17,Evening
MQ_C6-Weekday-106600_M66_523,6,17:51:37,1071.6166666666666,17,Evening
MQ_C6-Weekday-106600_M66_523,7,17:57:58,1077.9666666666667,17,Evening
MQ_C6-Weekday-106600_M66_523,8,17:59:00,1079.0,17,Evening
MQ_C6-Weekday-106600_M66_523,9,18:00:06,1080.1,17,Evening
MQ_C6-Weekday-106600_M66_523,10,18:03:00,1083.0,17,Evening
MQ_C6-Weekday-107200_M66_518,6,17:57:37,1077.6166666666666,17,Evening
MQ_C6-Weekday-107200_M66_518,7,18:03:58,1083.9666666666667,17,Evening
MQ_C6-Weekday-107200_M66_518,8,18:05:00,1085.0,17,Evening
MQ_C6-Weekday-107200_M66_518,9,18:06:06,1086.1,17,Evening
MQ_C6-Weekday-107200_M66_518,10,18:09:00,1089.0,17,Evening
MQ_C6-Weekday-107800_M66_521,6,18:03:37,1083.6166666666666,18,Evening
MQ_C6-Weekday-107800_M66_521,7,18:09:58,1089.9666666666667,18,Evening
MQ_C6-Weekday-107800_M66_521,8,18:11:00,1091.0,18,Evening
MQ_C6-Weekday-107800_M66_521,9,18:12:06,1092.1,18,Evening
MQ_C6-Weekday-107800_M66_521,10,18:15:00,1095.0,18,Evening
MQ_C6-Weekday-108600_M66_522,6,18:11:37,1091.6166666666666,18,Evening
MQ_C6-Weekday-108600_M66_522,7,18:17:58,1097.9666666666667,18,Evening
MQ_C6-Weekday-108600_M66_522,8,18:19:00,1099.0,18,Evening
MQ_C6-Weekday-108600_M66_522,9,18:20:06,1100.1,18,Evening
MQ_C6-Weekday-108600_M66_522,10,18:23:00,1103.0,18,Evening
MQ_C6-Weekday-109400_M66_507,6,18:19:37,1099.6166666666666,18,Evening
MQ_C6-Weekday-109400_M66_507,7,18:25:58,1105.9666666666667,18,Evening
MQ_C6-Weekday-109400_M66_507,8,18:27:00,1107.0,18,Evening
MQ_C6-Weekday-109400_M66_507,9,18:28:06,1108.1,18,Evening
MQ_C6-Weekday-109400_M66_507,10,18:31:00,1111.0,18,Evening
MQ_C6-Weekday-111000_M66_515,6,18:35:37,1115.6166666666666,18,Evening
MQ_C6-Weekday-111000_M66_515,7,18:41:58,1121.9666666666667,18,Evening
MQ_C6-Weekday-111000_M66_515,8,18:43:00,1123.0,18,Evening
MQ_C6-Weekday-111000_M66_515,9,18:44:06,1124.1,18,Evening
MQ_C6-Weekday-111000_M66_515,10,18:47:00,1127.0,18,Evening
MQ_C6-Weekday-111800_M66_517,6,18:43:37,1123.6166666666666,18,Evening
MQ_C6-Weekday-111800_M66_517,7,18:49:58,1129.9666666666667,18,Evening
MQ_C6-Weekday-111800_M66_517,8,18:51:00,1131.0,18,Evening
MQ_C6-Weekday-111800_M66_517,9,18:52:06,1132.1,18,Evening
MQ_C6-Weekday-111800_M66_517,10,18:55:00,1135.0,18,Evening
MQ_C6-Weekday-112600_M66_514,6,18:51:37,1131.6166666666666,18,Evening
MQ_C6-Weekday-112600_M66_514,7,18:57:58,1137.9666666666667,18,Evening
MQ_C6-Weekday-112600_M66_514,8,18:59:00,1139.0,18,Evening
MQ_C6-Weekday-112600_M66_514,9,19:00:06,1140.1,18,Evening
MQ_C6-Weekday-112600_M66_514,10,19:03:00,1143.0,18,Evening
MQ_C6-Weekday-113400_M66_523,6,18:59:37,1139.6166666666666,18,Evening
MQ_C6-Weekday-113400_M66_523,7,19:05:58,1145.9666666666667,18,Evening
MQ_C6-Weekday-113400_M66_523,8,19:07:00,1147.0,18,Evening
MQ_C6-Weekday-113400_M66_523,9,19:08:06,1148.1,18,Evening
MQ_C6-Weekday-113400_M66_523,10,19:11:00,1151.0,18,Evening
MQ_C6-Weekday-114400_M66_516,6,19:10:16,1150.2666666666667,19,Evening
MQ_C6-Weekday-114400_M66_516,7,19:15:12,1155.2,19,Evening
MQ_C6-Weekday-114400_M66_516,8,19:16:00,1156.0,19,Evening
MQ_C6-Weekday-114400_M66_516,9,19:17:06,1157.1,19,Evening
MQ_C6-Weekday-114400_M66_516,10,19:20:00,1160.0,19,Evening
MQ_C6-Weekday-115400_M66_521,6,19:20:16,1160.2666666666667,19,Evening
MQ_C6-Weekday-115400_M66_521,7,19:25:12,1165.2,19,Evening
MQ_C6-Weekday-115400_M66_521,8,19:26:00,1166.0,19,Evening
MQ_C6-Weekday-115400_M66_521,9,19:27:06,1167.1,19,Evening
MQ_C6-Weekday-115400_M66_521,10,19:30:00,1170.0,19,Evening
MQ_C6-Weekday-117400_M66_519,6,19:38:54,1178.9,19,Evening
MQ_C6-Weekday-117400_M66_519,7,19:42:25,1182.4166666666667,19,Evening
MQ_C6-Weekday-117400_M66_519,8,19:43:00,1183.0,19,Evening
MQ_C6-Weekday-117400_M66_519,9,19:44:06,1184.1,19,Evening
MQ_C6-Weekday-117400_M66_519,10,19:47:00,1187.0,19,Evening
MQ_C6-Weekday-118400_M66_515,6,19:48:54,1188.9,19,Evening
MQ_C6-Weekday-118400_M66_515,7,19:52:25,1192.4166666666667,19,Evening
MQ_C6-Weekday-118400_M66_515,8,19:53:00,1193.0,19,Evening
MQ_C6-Weekday-118400_M66_515,9,19:54:06,1194.1,19,Evening
MQ_C6-Weekday-118400_M66_515,10,19:57:00,1197.0,19,Evening
