Scenario,Replication,Seed,Period,Generated Passengers,Completed Passengers,Mean Completed Wait,Median Completed Wait,P95 Completed Wait,Maximum Completed Wait,Peak Queue,Peak Queue Stop,Peak Queue Time,Period-End Queue,Final Backlog,Mean Bus Occupancy,Maximum Bus Occupancy,Passenger Conservation
High-Demand,1,479243620,Morning,698,697,3.6455814868415604,3.1841991204418036,9.278660029280221,17.32064612393407,22,10,377.5317158629629,4,1,17.967441860465115,35,True
High-Demand,1,479243620,Evening,385,382,3.8044706806433792,3.4406516390974957,8.085651781157257,21.09980913128345,17,10,916.2886262033709,3,3,13.840909090909092,27,True
High-Demand,2,454024514,Morning,698,696,3.3843931521988417,2.9082624901823806,8.447953180506943,17.835647570136587,21,10,430.823947372032,5,2,17.94418604651163,35,True
High-Demand,2,454024514,Evening,385,382,3.6889780493414253,3.517210574640444,7.327564352536353,19.131756923693388,15,10,921.9169916248028,3,3,13.863636363636363,26,True
High-Demand,3,1818751028,Morning,698,697,3.5091723151694523,3.051406074660065,8.677524001647914,15.15639214064845,20,10,402.6494576949574,3,1,17.967441860465115,36,True
High-Demand,3,1818751028,Evening,385,382,3.8179777502232244,3.3388726408910543,8.367866789483179,19.74484188228803,11,10,918.7672348617705,3,3,13.840909090909092,28,True
High-Demand,4,2288458700,Morning,698,696,3.6871473478822594,3.118590273259315,9.216992325595257,17.809002783616222,24,10,524.901898344047,4,2,17.94418604651163,37,True
High-Demand,4,2288458700,Evening,385,381,3.982878839752397,3.563418573438753,8.263840934076825,20.954322251832764,14,10,917.6372941916837,4,4,13.845454545454546,35,True
High-Demand,5,2115331525,Morning,698,694,3.56413217240396,3.0608101850688456,8.840207864743949,16.373296385118692,21,10,403.7913686600584,4,4,17.89767441860465,34,True
High-Demand,5,2115331525,Evening,385,384,3.633007174882143,3.330219176897913,7.326762643101085,19.988668953897104,12,10,921.3454383125414,1,1,13.886363636363637,27,True
High-Demand,6,2666256175,Morning,698,697,3.6535651955936266,3.0636945739643124,9.148823346379682,15.636457531221879,24,10,430.8436090340342,6,1,17.967441860465115,35,True
High-Demand,6,2666256175,Evening,385,378,3.7617690638510775,3.429022299456733,7.44123284077982,20.329855117029183,15,10,921.7360074019862,7,7,13.75909090909091,27,True
High-Demand,7,975381835,Morning,698,694,3.572872065357456,3.0389761058343083,8.91734605760143,17.660739412472367,26,10,468.44277804200124,8,4,17.89767441860465,40,True
High-Demand,7,975381835,Evening,385,378,3.673986693757241,3.247089708683518,7.99050682080873,21.06614149822917,13,10,920.8979677744824,7,7,13.786363636363637,31,True
High-Demand,8,2535166222,Morning,698,696,3.8681333628096293,3.3834155415418934,9.28770288322977,16.991742861792773,22,10,468.8618653419038,8,2,17.94418604651163,36,True
High-Demand,8,2535166222,Evening,385,382,3.4281293271179094,3.049796882351302,6.945143036521358,21.458389234511287,14,10,921.5212953141256,3,3,13.868181818181819,26,True
High-Demand,9,1079577930,Morning,698,692,3.582460338787452,3.0759268198075347,9.248087362035443,16.424977673884882,22,10,377.70141240452483,9,6,17.851162790697675,36,True
High-Demand,9,1079577930,Evening,385,382,3.755770095016937,3.228569400761046,9.036656843452779,20.536307197079736,16,10,921.6454839667591,3,3,13.85,30,True
High-Demand,10,3715024065,Morning,698,694,3.5844981722993787,3.032233266664633,9.092359166746473,16.41492925711816,23,10,468.920830852863,6,4,17.89767441860465,38,True
High-Demand,10,3715024065,Evening,385,380,3.511794004225592,3.0616418783693575,7.795796729458277,21.513580497896214,9,6,941.743099630166,5,5,13.804545454545455,26,True
High-Demand,11,2056590929,Morning,698,695,3.606343159245544,3.1407763215751174,8.794115873682498,17.107556674379452,21,10,437.8535379808069,8,3,17.92093023255814,36,True
High-Demand,11,2056590929,Evening,385,382,3.63797036303033,3.3266733616521265,7.546848851103629,20.956327929506415,12,10,920.7774058707383,3,3,13.868181818181819,32,True
High-Demand,12,3339987600,Morning,698,696,3.617876182766162,3.0746031535608154,9.278177828416688,17.955579884250085,27,10,377.81088189707583,3,2,17.94418604651163,38,True
High-Demand,12,3339987600,Evening,385,380,3.5138571121257955,3.2302470307054705,7.270755182574862,20.785883922332914,12,6,942.5584844601269,5,5,13.85,29,True
High-Demand,13,1788010607,Morning,698,695,3.7333342546997157,3.203427217666956,8.981288774791386,17.781414352953448,26,10,468.7724950831042,7,3,17.92093023255814,42,True
High-Demand,13,1788010607,Evening,385,380,3.5554732163744056,3.253904713964289,7.207353882634382,21.33155490617628,12,10,921.8492143038759,5,5,13.804545454545455,25,True
High-Demand,14,2859898362,Morning,698,696,3.6923879517283287,3.2425740268476204,9.095044418329394,15.310391299172466,27,10,430.701299348844,3,2,17.94418604651163,37,True
High-Demand,14,2859898362,Evening,385,381,3.709091966859049,3.384908043349242,7.53509060563988,21.791754609805025,11,10,921.8697076435809,4,4,13.845454545454546,25,True
High-Demand,15,1908601667,Morning,698,694,3.753471329084119,3.1842455891797954,9.616679774652932,17.463222079918808,23,10,468.3268660802773,6,4,17.89767441860465,40,True
High-Demand,15,1908601667,Evening,385,377,3.7155450825790304,3.2245333664945974,7.916120205240349,19.496979803356908,16,10,919.7617965269698,8,8,13.781818181818181,26,True
High-Demand,16,726301638,Morning,698,693,3.8190431988649935,3.170800834498664,9.691748010173836,17.998247258357083,26,10,376.64454508064915,11,5,17.87441860465116,38,True
High-Demand,16,726301638,Evening,385,380,3.6516525729854954,3.28771215699868,7.871897874935974,21.16516030363698,14,10,921.6836026824119,5,5,13.840909090909092,26,True
High-Demand,17,2584016318,Morning,698,694,3.6738059474056644,3.0674255722527732,8.97100011063579,17.29668125654615,23,10,376.6023358983371,7,4,17.89767441860465,33,True
High-Demand,17,2584016318,Evening,385,381,3.4823247446177725,3.0499179133369125,7.168097859656996,16.709375535561662,10,10,921.1236010094777,4,4,13.836363636363636,26,True
High-Demand,18,4074852312,Morning,698,696,3.7171274770473532,3.232363356218201,9.235034283160317,17.789050731757982,23,10,586.512772861436,6,2,17.94418604651163,38,True
High-Demand,18,4074852312,Evening,385,381,3.4366632892065603,3.069171581129467,7.481154374525886,20.901628569692207,10,6,949.3519905277661,4,4,13.854545454545455,27,True
High-Demand,19,3205241267,Morning,698,697,3.670624757242361,3.2456834950979214,9.173344888573773,17.82118733745341,24,10,468.8413160947921,2,1,17.967441860465115,39,True
High-Demand,19,3205241267,Evening,385,376,3.700009653182355,3.2747095012946374,8.620670553232685,18.994976020458353,14,10,921.7715644058434,9,9,13.8,30,True
High-Demand,20,1304481603,Morning,698,695,3.7120819650378696,3.0995992043104366,9.046851728498313,17.65781902278576,26,10,377.5826719773626,4,3,17.92093023255814,42,True
High-Demand,20,1304481603,Evening,385,379,3.7819381158820824,3.2910081238994735,7.642355796614719,21.846191397362304,14,10,921.9704496012381,6,6,13.809090909090909,32,True
High-Demand,21,2726751603,Morning,698,695,3.674407424971427,3.0435009946178297,9.267149793252763,17.644617225691263,23,10,377.9197337864996,6,3,17.92093023255814,36,True
High-Demand,21,2726751603,Evening,385,382,3.55363431179186,3.2102991202285693,7.40237829286749,19.442392049175055,12,10,919.5631300436502,3,3,13.854545454545455,27,True
High-Demand,22,2114242019,Morning,698,695,3.5595839600367647,2.9929573609024374,9.03847823953201,17.8188440365156,23,10,403.8263091418388,5,3,17.92093023255814,35,True
High-Demand,22,2114242019,Evening,385,380,3.4187755562854867,3.187461544053349,7.4824442366326265,17.77007908937162,11,6,906.4028493155125,5,5,13.831818181818182,27,True
High-Demand,23,1147627710,Morning,698,692,3.6927023890626596,3.074703866640789,9.151190875671135,17.41744500111389,26,10,468.1676297154296,8,6,17.851162790697675,41,True
High-Demand,23,1147627710,Evening,385,381,3.5833427483025964,3.2537538007502462,7.97983236804771,20.808951950719916,16,10,920.1283772511052,4,4,13.854545454545455,26,True
High-Demand,24,2483435858,Morning,698,695,3.7615460512870906,3.223313964236354,9.141560940145434,16.683317781043115,23,10,468.04731219600836,6,3,17.92093023255814,43,True
High-Demand,24,2483435858,Evening,385,378,3.9107661387842567,3.4365517386800093,9.075871707180793,21.564625851823166,18,10,919.0224035842571,7,7,13.786363636363637,36,True
High-Demand,25,3210783261,Morning,698,696,3.754590420253417,3.2323067433814003,9.247525572427719,17.859103915656476,28,10,468.96712661001453,3,2,17.94418604651163,46,True
High-Demand,25,3210783261,Evening,385,380,3.5401208343628348,3.0682343192718804,7.844823498462495,21.93584647957664,20,10,921.4762741086029,5,5,13.831818181818182,34,True
High-Demand,26,1843101495,Morning,698,692,3.746288380095974,3.1800810694398365,9.200853670571123,17.781538576348396,25,10,524.8674454612611,10,6,17.851162790697675,40,True
High-Demand,26,1843101495,Evening,385,382,3.494554587514519,3.2488698216986904,7.308979777463548,17.161342732691082,10,6,942.4421719568337,3,3,13.868181818181819,27,True
High-Demand,27,1807795135,Morning,698,695,3.688103100826146,3.0867921368113684,9.437763032656761,17.873638451676754,25,10,468.8883454333914,7,3,17.92093023255814,34,True
High-Demand,27,1807795135,Evening,385,381,3.8028861986756373,3.3784214817058,8.971474520330958,21.261884735592616,18,10,920.9445264722833,4,4,13.854545454545455,27,True
High-Demand,28,650419918,Morning,698,697,3.601371212499956,3.118781442670297,8.751544616826843,15.98561399038448,25,10,430.14713819345917,4,1,17.967441860465115,36,True
High-Demand,28,650419918,Evening,385,382,3.3917357045654124,2.985475821289583,7.42318988897224,15.91611206437517,11,10,921.6648618840903,3,3,13.840909090909092,25,True
High-Demand,29,982532350,Morning,698,697,3.6597736114654795,3.1302491070002247,9.492747149595434,17.844591515431944,24,10,377.65754519904317,5,1,17.967441860465115,40,True
High-Demand,29,982532350,Evening,385,377,3.408088598320499,2.841166436907997,7.598531202728282,17.52476728750969,11,6,942.7508427711753,8,8,13.74090909090909,28,True
High-Demand,30,1193431242,Morning,698,697,3.6440793492100347,3.1367047396385033,8.975249431976044,15.861485570984769,18,10,468.70423008431413,3,1,17.967441860465115,36,True
High-Demand,30,1193431242,Evening,385,378,3.5604898469096216,3.2321271380475878,8.341973047326778,21.790331688692618,12,10,920.1930997744744,7,7,13.781818181818181,33,True
