Scenario,Replication,Seed,Period,Generated Passengers,Completed Passengers,Mean Completed Wait,Median Completed Wait,P95 Completed Wait,Maximum Completed Wait,Minimum Completed Wait,Peak Queue,Peak Queue Stop,Peak Queue Time,Period-End Queue,Final Backlog,Mean Bus Occupancy,Maximum Bus Occupancy,Minimum Bus Occupancy,Passenger Conservation,Waiting Time Valid,Bus Occupancy Valid
Reduced-Service,1,479243620,Morning,500,497,5.063662966961537,3.4985691303777458,15.540476814717362,22.785715784085085,0.03939398746598499,27,10,413.6068791946852,5,3,17.678947368421053,45,8,True,True,True
Reduced-Service,1,479243620,Evening,276,273,4.194332045846589,3.591749418305426,9.411919194869052,21.203372820261393,0.03148683978815825,10,6,1051.9328470381724,3,3,13.902564102564103,26,2,True,True,True
Reduced-Service,2,454024514,Morning,500,500,4.653455679337315,3.414062590077833,13.406741661614882,22.514711939563483,0.008342247048744866,26,10,530.3653428406591,3,0,17.757894736842104,45,9,True,True,True
Reduced-Service,2,454024514,Evening,276,274,4.351031085061703,3.745250724891207,11.995330423973678,18.41617969480967,0.023747084403680674,10,10,919.8495907309562,2,2,13.917948717948718,28,2,True,True,True
Reduced-Service,3,1818751028,Morning,500,499,4.7510354490383175,3.799865822054926,13.540368055993325,23.992434755393333,0.013360635489959805,21,10,468.6139606467393,2,1,17.731578947368423,37,7,True,True,True
Reduced-Service,3,1818751028,Evening,276,271,3.908388440830754,3.3151806817663783,10.79711645428415,19.91371813440651,0.04561260803347977,6,6,949.4560472414815,5,5,13.861538461538462,26,2,True,True,True
Reduced-Service,4,2288458700,Morning,500,500,4.816742244221281,3.5516952581489534,13.144772194751312,22.509724656721914,0.0019481513767800607,22,10,530.9050792997577,3,0,17.757894736842104,41,8,True,True,True
Reduced-Service,4,2288458700,Evening,276,275,4.428629326073476,3.698713734808166,11.41000831668846,20.84464936506197,0.013741506739734177,9,6,932.9659405647783,1,1,13.928205128205128,28,3,True,True,True
Reduced-Service,5,2115331525,Morning,500,498,4.933840496522054,3.372925004321644,14.961199122343855,22.9774888806283,0.01453191562018219,22,10,468.3299180641315,6,2,17.705263157894738,41,8,True,True,True
Reduced-Service,5,2115331525,Evening,276,275,3.8556620474871472,3.1968152074571208,10.943829361192606,21.237413752406155,0.011331580072919678,10,6,935.0564942099043,1,1,13.933333333333334,29,3,True,True,True
Reduced-Service,6,2666256175,Morning,500,497,5.083278258699234,3.5025899190501946,15.915360141190625,23.763777147504754,0.017199516322591535,27,10,468.85822235729745,4,3,17.678947368421053,45,7,True,True,True
Reduced-Service,6,2666256175,Evening,276,269,4.388689330395845,3.703713194103557,11.129523989269046,21.867107742111216,0.03019366904538856,11,10,916.7271298463982,7,7,13.825641025641026,26,1,True,True,True
Reduced-Service,7,975381835,Morning,500,497,4.947134088368157,3.5916278942410713,15.068339686499277,23.829948182793544,0.0036284273317050975,23,10,530.8841234786493,5,3,17.678947368421053,42,8,True,True,True
Reduced-Service,7,975381835,Evening,276,275,4.48167490594598,3.563299721004796,12.577256572080971,21.249306267979478,0.03818523083020864,9,6,1114.4640837657303,1,1,13.943589743589744,27,2,True,True,True
Reduced-Service,8,2535166222,Morning,500,499,4.966975783186348,3.7914462688862614,15.161209421223498,22.623582397865107,0.009046801928320747,24,10,530.7956007141677,1,1,17.731578947368423,48,8,True,True,True
Reduced-Service,8,2535166222,Evening,276,273,4.4584380954882,3.99259890147232,10.758354729772611,18.131643859267115,0.028666555011113815,11,10,921.201299935863,3,3,13.882051282051282,25,2,True,True,True
Reduced-Service,9,1079577930,Morning,500,497,4.788085694981925,3.548577371252577,13.261397373394788,22.846770637335965,0.007205147912202392,28,10,466.9405141823009,3,3,17.678947368421053,44,10,True,True,True
Reduced-Service,9,1079577930,Evening,276,270,4.490920361793039,3.8114420638796673,12.855026949958146,20.75730858035081,0.0045826077655419795,10,10,920.257792489613,6,6,13.841025641025642,27,1,True,True,True
Reduced-Service,10,3715024065,Morning,500,497,4.626216928136534,3.2908909112587708,14.30531745388275,23.970586039022123,0.015461955926980409,23,10,413.9618036623876,4,3,17.678947368421053,42,10,True,True,True
Reduced-Service,10,3715024065,Evening,276,275,4.2923663910992005,3.762480990260542,11.65844296712694,18.719945362400267,0.04731201561878606,8,10,948.920830852863,1,1,13.928205128205128,27,3,True,True,True
Reduced-Service,11,2056590929,Morning,500,497,4.738144566221101,3.5932711577850114,13.267039980146636,22.460896779601285,0.06904175502262433,26,10,530.6708052919192,4,3,17.678947368421053,42,9,True,True,True
Reduced-Service,11,2056590929,Evening,276,274,4.304879027430406,3.7477921534675716,10.554543333038346,21.711362923696242,0.0038342366999586375,12,10,921.5061420470801,2,2,13.917948717948718,30,1,True,True,True
Reduced-Service,12,3339987600,Morning,500,498,4.985824618310308,3.7147769361816927,14.607278052922725,23.75556436583969,0.003200683056377329,22,10,430.87861674399585,3,2,17.705263157894738,42,8,True,True,True
Reduced-Service,12,3339987600,Evening,276,272,4.504936878612531,3.520258122377186,12.005672079508269,21.77411787435915,0.0004494464890285599,11,6,935.6111938422664,4,4,13.876923076923077,30,1,True,True,True
Reduced-Service,13,1788010607,Morning,500,498,4.915596931075465,3.5208527863266568,14.802311325004565,23.14529990297723,0.0007862277977892518,28,10,529.9848858446994,4,2,17.705263157894738,52,9,True,True,True
Reduced-Service,13,1788010607,Evening,276,272,4.381120334999262,3.51891472882005,12.653896030147514,20.482054246081134,0.00558284712724344,10,10,916.0871804784629,4,4,13.851282051282052,28,2,True,True,True
Reduced-Service,14,2859898362,Morning,500,498,5.1147511834620385,3.883043864698834,14.825525944255388,23.43929612810848,0.015383523240302566,33,10,468.7354038106937,3,2,17.705263157894738,48,9,True,True,True
Reduced-Service,14,2859898362,Evening,276,272,4.435929024994492,3.7346961027602106,12.288214656128632,20.639014259488476,0.03740870575529698,12,10,921.7159117301767,4,4,13.851282051282052,27,2,True,True,True
Reduced-Service,15,1908601667,Morning,500,499,4.842399468308835,3.6304407560327263,13.965398514587871,23.892970474623382,0.004380094120222111,28,10,468.429264132264,1,1,17.731578947368423,45,9,True,True,True
Reduced-Service,15,1908601667,Evening,276,273,4.482864700541333,3.8387887342767044,11.397589613046307,19.73518149831898,0.0412470303608643,11,6,931.9041032914974,3,3,13.902564102564103,30,2,True,True,True
Reduced-Service,16,726301638,Morning,500,499,4.846517337435576,3.4037382162536005,14.298658217250079,22.619905197816763,0.00698091145534363,22,10,411.88453723887636,2,1,17.731578947368423,41,7,True,True,True
Reduced-Service,16,726301638,Evening,276,271,4.544045818377195,3.9401128957508718,13.218126010474919,21.318478168701517,0.011417704351970315,10,10,917.1237184637697,5,5,13.841025641025642,26,2,True,True,True
Reduced-Service,17,2584016318,Morning,500,498,4.844105365813433,3.6250641731114968,14.256977019734043,19.373628332290423,0.005226199787330188,24,10,468.2591237975947,4,2,17.705263157894738,39,8,True,True,True
Reduced-Service,17,2584016318,Evening,276,274,4.623146516699055,3.5968587095809426,14.399150763620082,21.723217429965644,0.028077979241061257,13,10,921.3081963473908,2,2,13.917948717948718,27,3,True,True,True
Reduced-Service,18,4074852312,Morning,500,498,4.960760804075011,3.604840394932637,14.56674745412817,23.102504914462713,0.04337888264501544,27,10,468.7910714408288,3,2,17.705263157894738,44,8,True,True,True
Reduced-Service,18,4074852312,Evening,276,272,4.15534342493284,3.430171188167776,11.48564384507222,18.760078225878146,0.049757308641346754,12,10,919.4008801582,4,4,13.861538461538462,29,2,True,True,True
Reduced-Service,19,3205241267,Morning,500,499,4.56328091120834,3.236903889733526,14.907927456589686,23.31470079873145,0.034718268662970786,18,10,429.25889329561966,2,1,17.731578947368423,34,5,True,True,True
Reduced-Service,19,3205241267,Evening,276,275,4.5675826188505315,3.566400723142351,13.291466883175964,21.753893595374507,0.0017744420238159364,9,10,921.3115886682207,1,1,13.928205128205128,26,2,True,True,True
Reduced-Service,20,1304481603,Morning,500,499,5.076120504992257,3.679839528857542,14.612480821258288,22.018488651197913,0.01048977677618268,26,10,413.6305507954128,2,1,17.731578947368423,42,8,True,True,True
Reduced-Service,20,1304481603,Evening,276,270,4.667519865448068,3.7412894102426435,13.45361521836869,21.577509143934662,0.009711803902064275,10,10,920.5984206811787,6,6,13.805128205128206,28,3,True,True,True
Reduced-Service,21,2726751603,Morning,500,499,4.967458720797194,3.694759966561776,14.008424535108245,23.268310924492084,0.004121323502602081,28,10,468.5692721005735,3,1,17.731578947368423,42,10,True,True,True
Reduced-Service,21,2726751603,Evening,276,272,4.244788720671994,3.603910971795983,11.383005728715329,20.876715616803494,0.020665492264015484,10,10,921.8643214543299,4,4,13.856410256410257,27,2,True,True,True
Reduced-Service,22,2114242019,Morning,500,499,4.85687768635858,3.606368318565387,13.053560774201244,21.58052671193434,0.016601392956431482,23,10,467.22056116308886,2,1,17.731578947368423,40,9,True,True,True
Reduced-Service,22,2114242019,Evening,276,274,4.101483138830788,3.49977160930257,10.073996113641792,18.05952718026981,0.004425527838748167,11,10,921.6743903891552,2,2,13.923076923076923,28,3,True,True,True
Reduced-Service,23,1147627710,Morning,500,496,4.933753574172865,3.5899514957886822,14.984261322643391,23.77598838041854,0.03586939776624831,26,10,528.8318937005629,5,4,17.652631578947368,46,8,True,True,True
Reduced-Service,23,1147627710,Evening,276,276,4.7153084100988725,3.799268532188421,12.869630934377426,18.810069642824487,0.023877620053440296,12,10,949.7707853071217,0,0,13.953846153846154,34,1,True,True,True
Reduced-Service,24,2483435858,Morning,500,498,4.793660945731823,3.4667429495316355,14.964800994648238,22.718027155883192,0.02041673752449924,23,10,468.9795832624755,4,2,17.705263157894738,48,9,True,True,True
Reduced-Service,24,2483435858,Evening,276,271,4.037120106312193,3.2118269908787624,11.369037571293575,20.11442831462284,0.03139988659734172,10,6,935.44624504661,5,5,13.841025641025642,29,1,True,True,True
Reduced-Service,25,3210783261,Morning,500,496,4.5502845602246405,3.2409916026077212,13.580995355192954,23.925129454560533,0.005912212471571365,21,10,596.9892826768717,5,4,17.652631578947368,38,7,True,True,True
Reduced-Service,25,3210783261,Evening,276,273,4.277356479483963,3.4831694952463295,11.140295837367486,18.93032482136948,0.057341078668173395,8,10,920.0666538951292,3,3,13.876923076923077,26,3,True,True,True
Reduced-Service,26,1843101495,Morning,500,498,4.850637744319421,3.4217090853324805,14.433179836466598,23.761374578792243,0.010682073723501162,22,10,468.57555836173253,6,2,17.705263157894738,40,8,True,True,True
Reduced-Service,26,1843101495,Evening,276,274,4.083803865764422,3.5622357375441425,11.477162380476042,19.79889873884258,0.003485001832132184,12,10,918.3938680593884,2,2,13.907692307692308,27,2,True,True,True
Reduced-Service,27,1807795135,Morning,500,499,4.886780887857678,3.4969548111534436,15.453877647127658,22.650117039769157,0.050897314104645375,23,10,530.6437271878208,1,1,17.731578947368423,40,10,True,True,True
Reduced-Service,27,1807795135,Evening,276,274,4.619499363749084,3.8977716980851937,12.79400024793665,18.97147852108435,0.0021000363558414392,10,6,935.540664878295,2,2,13.917948717948718,29,0,True,True,True
Reduced-Service,28,650419918,Morning,500,497,5.002458349599937,3.5454945554125743,15.342220438759838,23.258545896369924,0.015345575088986152,25,10,530.0414906521704,5,3,17.678947368421053,44,9,True,True,True
Reduced-Service,28,650419918,Evening,276,269,4.669314762131695,3.8253474115460904,13.189121896763522,18.905461253973954,0.033173647650983185,10,6,921.0103938094335,7,7,13.8,29,3,True,True,True
Reduced-Service,29,982532350,Morning,500,498,4.675518149757224,3.179645340631396,14.487658686978168,21.868070127795477,0.008412164437913816,22,10,594.7249768889227,3,2,17.705263157894738,44,9,True,True,True
Reduced-Service,29,982532350,Evening,276,273,4.6257935634322935,3.902571453802807,13.053709851273288,19.776962406886923,0.024762621561421838,11,10,916.3532556292231,3,3,13.882051282051282,29,1,True,True,True
Reduced-Service,30,1193431242,Morning,500,491,4.467468685207096,3.1964123610645174,12.86656779826643,21.206915946814263,0.0020764110713002992,25,10,530.7060340457286,10,9,17.521052631578947,46,9,True,True,True
Reduced-Service,30,1193431242,Evening,276,272,4.158311498289735,3.36123070745856,11.863022594818432,21.3040285008085,0.0038775329958298244,10,6,934.19593645905,4,4,13.882051282051282,29,2,True,True,True
