Hour,Period,Baseline Trips,"Removed Position (0-indexed, sorted by time)",Removed trip_id,Removed Stop 6 Arrival Time
6,Morning,5,2,MQ_C6-Weekday-039100_M66_502,06:34:54
7,Morning,12,6,MQ_C6-Weekday-045000_M66_502,07:35:37
8,Morning,12,6,MQ_C6-Weekday-050000_M66_508,08:25:37
9,Morning,8,4,MQ_C6-Weekday-056000_M66_514,09:25:37
10,Morning,6,3,MQ_C6-Weekday-062800_M66_513,10:33:48
15,Evening,8,4,MQ_C6-Weekday-093000_M66_506,15:35:48
16,Evening,12,6,MQ_C6-Weekday-098800_M66_508,16:33:37
17,Evening,11,5,MQ_C6-Weekday-104300_M66_515,17:28:37
18,Evening,8,4,MQ_C6-Weekday-111000_M66_515,18:35:37
19,Evening,5,2,MQ_C6-Weekday-116400_M66_522,19:30:16
