Stop Sequence,Stop Name,Hour,Boardings,Scaled Boardings,Passenger Count
6,W 65 ST/CENTRAL PARK WEST,6,7.543307086614173,10.560629921259842,11
6,W 65 ST/CENTRAL PARK WEST,7,25.386100386100384,35.54054054054053,36
6,W 65 ST/CENTRAL PARK WEST,8,40.3938223938224,56.55135135135135,57
6,W 65 ST/CENTRAL PARK WEST,9,24.162790697674417,33.82790697674418,34
6,W 65 ST/CENTRAL PARK WEST,10,18.96875,26.55625,27
6,W 65 ST/CENTRAL PARK WEST,15,33.683397683397686,47.15675675675676,47
6,W 65 ST/CENTRAL PARK WEST,16,28.030888030888033,39.24324324324324,39
6,W 65 ST/CENTRAL PARK WEST,17,31.36015325670498,43.90421455938697,44
6,W 65 ST/CENTRAL PARK WEST,18,22.0,30.799999999999997,31
6,W 65 ST/CENTRAL PARK WEST,19,11.316205533596838,15.842687747035573,16
7,E 65 ST/5 AV,6,1.6857142857142857,2.36,2
7,E 65 ST/5 AV,7,5.034883720930233,7.0488372093023255,7
7,E 65 ST/5 AV,8,7.821011673151751,10.94941634241245,11
7,E 65 ST/5 AV,9,4.538759689922481,6.354263565891473,6
7,E 65 ST/5 AV,10,2.6015625,3.6421875,4
7,E 65 ST/5 AV,15,4.9652509652509655,6.951351351351351,7
7,E 65 ST/5 AV,16,6.065637065637065,8.49189189189189,8
7,E 65 ST/5 AV,17,5.180392156862745,7.252549019607843,7
7,E 65 ST/5 AV,18,2.784313725490196,3.898039215686274,4
7,E 65 ST/5 AV,19,1.7105263157894737,2.394736842105263,2
8,MADISON AV/E 65 ST,6,0.8467741935483871,1.185483870967742,1
8,MADISON AV/E 65 ST,7,2.73828125,3.83359375,4
8,MADISON AV/E 65 ST,8,3.7890625,5.3046875,5
8,MADISON AV/E 65 ST,9,3.140625,4.396875,4
8,MADISON AV/E 65 ST,10,2.1439688715953307,3.0015564202334626,3
8,MADISON AV/E 65 ST,15,4.544401544401544,6.362162162162162,6
8,MADISON AV/E 65 ST,16,4.852140077821011,6.792996108949415,7
8,MADISON AV/E 65 ST,17,4.195402298850575,5.873563218390805,6
8,MADISON AV/E 65 ST,18,3.305019305019305,4.627027027027027,5
8,MADISON AV/E 65 ST,19,1.9256198347107438,2.695867768595041,3
9,MADISON AV/E 67 ST,6,4.69921875,6.578906249999999,7
9,MADISON AV/E 67 ST,7,7.65234375,10.71328125,11
9,MADISON AV/E 67 ST,8,7.856031128404669,10.998443579766535,11
9,MADISON AV/E 67 ST,9,4.828125,6.7593749999999995,7
9,MADISON AV/E 67 ST,10,3.2140077821011674,4.499610894941634,4
9,MADISON AV/E 67 ST,15,5.209302325581396,7.293023255813954,7
9,MADISON AV/E 67 ST,16,5.76171875,8.06640625,8
9,MADISON AV/E 67 ST,17,6.3076923076923075,8.83076923076923,9
9,MADISON AV/E 67 ST,18,4.5096525096525095,6.313513513513513,6
9,MADISON AV/E 67 ST,19,1.9673469387755103,2.754285714285714,3
10,E 68 ST/LEXINGTON AV,6,48.47876447876448,67.87027027027027,68
10,E 68 ST/LEXINGTON AV,7,92.79693486590038,129.91570881226053,130
10,E 68 ST/LEXINGTON AV,8,100.92248062015504,141.29147286821706,141
10,E 68 ST/LEXINGTON AV,9,52.49230769230769,73.48923076923076,73
10,E 68 ST/LEXINGTON AV,10,24.61627906976744,34.462790697674414,34
10,E 68 ST/LEXINGTON AV,15,26.246153846153845,36.74461538461538,37
10,E 68 ST/LEXINGTON AV,16,17.865384615384617,25.01153846153846,25
10,E 68 ST/LEXINGTON AV,17,15.800766283524904,22.121072796934865,22
10,E 68 ST/LEXINGTON AV,18,15.988505747126437,22.383908045977012,22
10,E 68 ST/LEXINGTON AV,19,10.215384615384615,14.30153846153846,14
