Scenario,Replication,Seed,Period,Stop Sequence,Completed Passengers,Mean Wait,P95 Wait,Peak Queue,Peak Queue Time,Period-End Queue,Final Backlog
Combined,1,479243620,Morning,6,159,4.795062490981271,16.21964428138244,13,516.4728782499084,6,6
Combined,1,479243620,Morning,7,30,5.41228074471262,13.191251119587198,5,521.6725452680404,0,0
Combined,1,479243620,Morning,8,17,6.733909946085549,16.52332387081726,4,582.6331595632741,0,0
Combined,1,479243620,Morning,9,40,4.599255897975856,14.63892390457695,3,410.0030346065896,2,0
Combined,1,479243620,Morning,10,446,5.10220475221455,15.861043287617406,39,468.85637584684997,2,0
Combined,1,479243620,Evening,6,176,3.962220863356039,8.866066399309148,13,1052.4938760712814,1,1
Combined,1,479243620,Evening,7,27,3.879687143679849,8.820060961916862,5,999.3554686378237,1,1
Combined,1,479243620,Evening,8,26,3.6976799488699963,7.849106588792949,3,1092.7942488244912,1,1
Combined,1,479243620,Evening,9,33,4.216190604661106,11.235089362412145,3,1017.0175578992605,0,0
Combined,1,479243620,Evening,10,119,4.612681390722054,15.51456760979215,14,921.9096504855238,1,1
Combined,2,454024514,Morning,6,163,4.6834339584596725,13.396390288057308,12,581.9153191089111,2,2
Combined,2,454024514,Morning,7,30,4.581737147516731,15.156475224817667,3,518.9790498825719,2,0
Combined,2,454024514,Morning,8,17,4.007370166066738,13.29343206862195,2,455.24638078225735,0,0
Combined,2,454024514,Morning,9,40,4.973185805030471,14.091133646881262,3,386.1179623024111,1,0
Combined,2,454024514,Morning,10,446,4.472602607326848,12.441563331461126,31,530.3653428406591,2,0
Combined,2,454024514,Evening,6,176,4.373512584919312,10.569027784683726,11,935.4295665198407,1,1
Combined,2,454024514,Evening,7,28,4.05675331276629,8.234877773151368,4,911.7227710952142,0,0
Combined,2,454024514,Evening,8,27,4.345008695032027,12.113204257205165,3,914.6942788622974,0,0
Combined,2,454024514,Evening,9,32,3.9975761918506336,8.968687616419581,4,944.0542588414941,1,1
Combined,2,454024514,Evening,10,120,4.668295292020137,13.233209694733025,14,921.0863561681197,0,0
Combined,3,1818751028,Morning,6,163,4.236662867248046,12.092817317495339,11,642.2363974145715,2,2
Combined,3,1818751028,Morning,7,30,4.921506560676303,11.497684549895775,4,519.3780915491124,0,0
Combined,3,1818751028,Morning,8,17,5.074119659926613,10.945414310910996,2,456.9287570700136,0,0
Combined,3,1818751028,Morning,9,40,5.181070074980324,11.72024323278814,4,369.2500354147872,0,0
Combined,3,1818751028,Morning,10,446,4.772152985828512,14.958158490769733,27,411.78060975851054,1,0
Combined,3,1818751028,Evening,6,174,3.7611566162051058,9.385290398160668,10,1113.2653202694185,3,3
Combined,3,1818751028,Evening,7,27,4.43740237063757,10.712439994047633,2,912.1476586166135,1,1
Combined,3,1818751028,Evening,8,25,3.770661296508615,6.113152342764964,4,913.3976761747017,2,2
Combined,3,1818751028,Evening,9,33,5.58490434391684,15.881259753820265,4,904.4866612065165,0,0
Combined,3,1818751028,Evening,10,119,4.456378637192145,12.805477707125098,10,919.4344520425628,1,1
Combined,4,2288458700,Morning,6,164,4.266124994674116,10.116596183898356,10,514.0409203204553,1,1
Combined,4,2288458700,Morning,7,30,4.341882022913074,13.538580688567075,3,474.59513943491584,0,0
Combined,4,2288458700,Morning,8,17,5.043063312839131,11.989771798071432,2,460.934861147923,1,0
Combined,4,2288458700,Morning,9,40,5.193926590573159,11.490932815899043,4,462.2719436041358,1,0
Combined,4,2288458700,Morning,10,446,4.9511785537701725,14.917396438356036,31,413.174111382775,4,0
Combined,4,2288458700,Evening,6,176,4.198124977163752,9.68720352277748,11,932.9659405647783,1,1
Combined,4,2288458700,Evening,7,28,5.2289444854668465,13.439169415451339,3,960.6405176560627,0,0
Combined,4,2288458700,Evening,8,27,5.122175959749564,11.807915899653128,3,906.3471421080544,0,0
Combined,4,2288458700,Evening,9,33,4.278683384807988,12.653304513192591,3,1060.4965228073893,0,0
Combined,4,2288458700,Evening,10,119,4.502858228780167,11.607703414560326,14,920.2797790866983,1,1
Combined,5,2115331525,Morning,6,163,4.691850358075466,14.30684328103082,14,517.2002357047672,2,2
Combined,5,2115331525,Morning,7,30,4.444838333299898,13.231413354236938,6,589.3970879107433,1,0
Combined,5,2115331525,Morning,8,17,5.631195459572797,13.88230757214956,3,457.6272159572837,0,0
Combined,5,2115331525,Morning,9,40,4.927841539516145,13.681924848250754,5,409.89892923299806,0,0
Combined,5,2115331525,Morning,10,446,4.944476973389971,14.710677492400464,30,530.5152503804585,3,0
Combined,5,2115331525,Evening,6,176,3.862083369654385,9.758549478443513,14,935.0564942099043,1,1
Combined,5,2115331525,Evening,7,27,2.2579007533508704,4.873586817330795,3,1019.8411249749172,1,1
Combined,5,2115331525,Evening,8,27,3.7787420333520796,8.097064543409896,2,910.3517549654134,0,0
Combined,5,2115331525,Evening,9,33,3.164805242768566,9.469992924891262,3,915.8504663575422,0,0
Combined,5,2115331525,Evening,10,119,4.8198769692701715,12.916885282566142,12,921.7682685636365,1,1
Combined,6,2666256175,Morning,6,162,4.471404858685535,14.743866666496864,15,517.4957034443427,3,3
Combined,6,2666256175,Morning,7,30,5.1720445651648905,13.900926623488497,3,648.6830718815597,0,0
Combined,6,2666256175,Morning,8,17,8.041355375230818,16.6987961097122,3,433.6091317269326,0,0
Combined,6,2666256175,Morning,9,40,4.859269007614719,12.540429725463182,3,524.9523062802728,0,0
Combined,6,2666256175,Morning,10,446,5.213424315077599,16.25348156060113,37,468.85822235729745,1,0
Combined,6,2666256175,Evening,6,171,3.7062937135046736,7.405306923121714,11,932.5809066861954,6,6
Combined,6,2666256175,Evening,7,28,4.154640434742796,10.338645232182943,3,914.8198063309546,0,0
Combined,6,2666256175,Evening,8,26,3.79269534182659,7.762360977869207,3,915.1503882493125,1,1
Combined,6,2666256175,Evening,9,33,3.494490705538965,9.774134846159928,3,916.6251868882605,0,0
Combined,6,2666256175,Evening,10,118,5.3040099720701575,13.601110630358784,17,918.705788489525,2,2
Combined,7,975381835,Morning,6,162,4.792728619355715,15.251220449491154,15,582.9895795510872,3,3
Combined,7,975381835,Morning,7,30,4.358332250205184,11.862281367334578,3,471.8299459331669,0,0
Combined,7,975381835,Morning,8,17,5.869729746331429,12.170575181190607,3,456.85784082824887,0,0
Combined,7,975381835,Morning,9,40,5.022544211140328,14.788377886233114,4,531.4991851342721,1,0
Combined,7,975381835,Morning,10,446,4.7679555644483385,14.34468602450923,32,530.8841234786493,2,0
Combined,7,975381835,Evening,6,177,3.7556920941710215,9.490423536119533,11,1114.4640837657303,0,0
Combined,7,975381835,Evening,7,28,4.378006876666246,8.872952643601044,2,917.8980712960375,0,0
Combined,7,975381835,Evening,8,27,3.6070814934921724,8.410575638381724,3,1122.5746012044153,0,0
Combined,7,975381835,Evening,9,32,4.832622330696566,11.959788053987426,4,914.8934295278387,1,1
Combined,7,975381835,Evening,10,120,5.549569558540138,16.637328331052952,14,919.2739490802596,0,0
Combined,8,2535166222,Morning,6,164,4.446867583637524,10.584595677470757,13,516.3594819919564,1,1
Combined,8,2535166222,Morning,7,30,3.88552726615748,10.04031426040789,3,486.99452421533977,0,0
Combined,8,2535166222,Morning,8,17,4.556981514806667,11.445115797231095,2,523.7027288404864,0,0
Combined,8,2535166222,Morning,9,40,4.525660877845129,11.273968501363441,3,416.4370806307257,1,0
Combined,8,2535166222,Morning,10,446,5.051845746004575,15.285487242816984,29,413.86917221740117,0,0
Combined,8,2535166222,Evening,6,175,4.208747209484565,9.862039081138004,12,1114.9182842154103,2,2
Combined,8,2535166222,Evening,7,27,4.7283968565703,11.703359769284564,4,995.8623481238578,1,1
Combined,8,2535166222,Evening,8,27,2.9963172118024626,7.693676760706373,2,911.0672663894537,0,0
Combined,8,2535166222,Evening,9,33,4.950163589924053,13.312391006933762,3,909.1050284901097,0,0
Combined,8,2535166222,Evening,10,120,5.338941190638034,14.212715628961982,17,921.201299935863,0,0
Combined,9,1079577930,Morning,6,161,4.437262870525386,12.186225415977674,12,517.3266785752334,4,4
Combined,9,1079577930,Morning,7,30,4.6921950702854,14.017465586910177,3,429.9715207964934,1,0
Combined,9,1079577930,Morning,8,17,5.0127935899647245,11.612718243630091,3,439.30372522882857,0,0
Combined,9,1079577930,Morning,9,40,4.973815017007306,10.712655952852858,4,443.401538129169,0,0
Combined,9,1079577930,Morning,10,446,4.870664013053881,14.168254703611012,37,468.97785213530403,0,0
Combined,9,1079577930,Evening,6,172,4.12047352557502,9.767722153133361,10,934.21871655861,5,5
Combined,9,1079577930,Evening,7,28,5.2201321849165,13.531054355755304,4,908.3489476381735,0,0
Combined,9,1079577930,Evening,8,27,4.540707213450345,12.828586779685075,2,904.254352938287,0,0
Combined,9,1079577930,Evening,9,33,4.970562400773457,10.755083601596352,3,911.2604599884323,0,0
Combined,9,1079577930,Evening,10,118,4.4649998304821334,11.409513795830946,12,920.257792489613,2,2
Combined,10,3715024065,Morning,6,162,4.198068734714565,11.565412580787319,11,515.4100659869415,3,3
Combined,10,3715024065,Morning,7,30,4.672409810300032,13.202172010811534,3,422.9741525235252,1,0
Combined,10,3715024065,Morning,8,17,5.140264325162197,15.020090210932446,3,495.5592894093103,0,0
Combined,10,3715024065,Morning,9,40,4.5838035320881305,15.372291082169863,4,405.6563999440839,0,0
Combined,10,3715024065,Morning,10,446,4.784620192414873,14.979143246654502,30,413.9618036623876,1,0
Combined,10,3715024065,Evening,6,176,4.052799493443383,9.847676364524716,10,934.4578352322268,1,1
Combined,10,3715024065,Evening,7,28,4.058363168537369,9.395893787609577,4,914.5154740822164,0,0
Combined,10,3715024065,Evening,8,27,3.6809837393495477,6.434525118333579,3,962.6383228295102,0,0
Combined,10,3715024065,Evening,9,33,4.576115644175044,12.369053156458834,6,945.2722581132218,0,0
Combined,10,3715024065,Evening,10,120,4.971115169816561,15.218702685510696,11,918.9403863029911,0,0
Combined,11,2056590929,Morning,6,161,4.631652395644577,11.764225238956442,14,516.4058753633717,4,4
Combined,11,2056590929,Morning,7,30,4.434034446999633,10.200781241329278,3,485.0546762813711,1,0
Combined,11,2056590929,Morning,8,17,5.855099595168296,14.349029046393998,2,429.50569017084,0,0
Combined,11,2056590929,Morning,9,40,5.693131681019651,12.975937288726488,4,408.4439840110961,0,0
Combined,11,2056590929,Morning,10,446,4.721077246309391,13.229512834866327,37,530.8206144888826,0,0
Combined,11,2056590929,Evening,6,175,4.345518461232083,9.912901619166552,13,935.3498618578409,2,2
Combined,11,2056590929,Evening,7,28,4.102801153234152,6.772353492639029,2,925.5951199651979,0,0
Combined,11,2056590929,Evening,8,27,3.878742663326336,9.456254306153708,3,935.6866372295542,0,0
Combined,11,2056590929,Evening,9,32,3.1582003509455987,8.619506767325781,3,1051.5759441849034,1,1
Combined,11,2056590929,Evening,10,120,4.332868020412173,11.165986182156331,16,921.5061420470801,0,0
Combined,12,3339987600,Morning,6,163,4.586241398314755,12.457434908352832,14,641.9679788473493,2,2
Combined,12,3339987600,Morning,7,30,5.381119893666584,13.059615287888567,4,455.7121881600178,0,0
Combined,12,3339987600,Morning,8,17,4.8797556792717485,12.127829529432482,2,458.37258955120745,2,0
Combined,12,3339987600,Morning,9,40,5.151835743217558,14.862942589936793,4,372.90077287912453,0,0
Combined,12,3339987600,Morning,10,446,4.950725706013883,15.377955730195993,29,468.91301860692715,0,0
Combined,12,3339987600,Evening,6,174,4.113724766793712,11.79416357389963,16,935.6111938422664,3,3
Combined,12,3339987600,Evening,7,28,4.670836704669654,9.323225712723925,3,962.4305020836149,0,0
Combined,12,3339987600,Evening,8,26,4.362037936923352,7.860453398017341,2,950.5072457741076,1,1
Combined,12,3339987600,Evening,9,32,3.2892113695481164,8.799673283690497,3,959.3597697829875,1,1
Combined,12,3339987600,Evening,10,120,5.295398739613563,15.02355819570523,12,915.3572745698926,0,0
Combined,13,1788010607,Morning,6,163,4.57309238116697,14.000194356504167,16,581.0201096419756,2,2
Combined,13,1788010607,Morning,7,30,5.141455839641693,14.263919149134201,3,521.7871855482557,1,0
Combined,13,1788010607,Morning,8,17,4.408510382282754,9.06061229180343,2,520.6587219815242,1,0
Combined,13,1788010607,Morning,9,40,5.3748348208870365,13.402726045414843,3,407.57408575076596,0,0
Combined,13,1788010607,Morning,10,446,5.256203906157597,15.90731856088749,35,529.9848858446994,2,0
Combined,13,1788010607,Evening,6,172,3.7387636295890676,8.201342159321586,10,933.5386735237073,5,5
Combined,13,1788010607,Evening,7,28,3.0433342085844037,5.164093039138384,2,914.2419960400291,0,0
Combined,13,1788010607,Evening,8,27,3.976891120222974,13.510737062606585,2,914.4733775775019,0,0
Combined,13,1788010607,Evening,9,33,3.478469050491316,7.6039671501573585,3,950.6830532622445,0,0
Combined,13,1788010607,Evening,10,120,5.888981050311715,16.607607108200288,16,916.0871804784629,0,0
Combined,14,2859898362,Morning,6,163,4.312949147606019,12.125229717845759,9,529.5748230583122,2,2
Combined,14,2859898362,Morning,7,30,4.2136584940772135,10.306309941690339,3,479.918733983283,0,0
Combined,14,2859898362,Morning,8,17,5.111587587518864,13.569157073628634,2,426.96448468902696,0,0
Combined,14,2859898362,Morning,9,40,4.382033436837608,13.543182151341659,3,372.86088071964355,0,0
Combined,14,2859898362,Morning,10,446,5.090687888330896,14.241641923873829,43,468.7354038106937,1,0
Combined,14,2859898362,Evening,6,173,3.970821498787169,10.05723426958571,10,948.6618371180954,4,4
Combined,14,2859898362,Evening,7,28,4.318962838665884,10.711224474445151,3,913.6581679559879,0,0
Combined,14,2859898362,Evening,8,27,3.7087764760471678,8.851854000533205,3,1059.2655816611693,0,0
Combined,14,2859898362,Evening,9,33,4.562212223995609,13.500713319899704,3,1041.5938855480813,0,0
Combined,14,2859898362,Evening,10,120,4.5637825938688,12.987262246994636,16,921.7159117301767,0,0
Combined,15,1908601667,Morning,6,164,4.453338312596328,13.299930876957118,13,581.5941777580585,1,1
Combined,15,1908601667,Morning,7,30,5.150318857152247,17.52704731352591,3,529.5135295928401,0,0
Combined,15,1908601667,Morning,8,17,6.76696549638974,15.295498034469798,3,452.85242976050995,0,0
Combined,15,1908601667,Morning,9,40,5.166261863223859,13.62501238558411,4,460.71011354666297,0,0
Combined,15,1908601667,Morning,10,446,4.8672876689507465,13.746362003974056,43,468.9598741698974,0,0
Combined,15,1908601667,Evening,6,173,4.018406973823219,9.79997176397956,13,934.7835087531396,4,4
Combined,15,1908601667,Evening,7,28,3.773243283066498,11.008226973229473,4,1024.306848371711,0,0
Combined,15,1908601667,Evening,8,25,4.1398448305398965,9.357898791233668,2,912.1758212415807,2,2
Combined,15,1908601667,Evening,9,33,4.059582956921118,9.28677463047504,3,1098.1650007084081,0,0
Combined,15,1908601667,Evening,10,120,4.8322997784064174,13.026726253139882,11,921.6986991047385,0,0
Combined,16,726301638,Morning,6,164,4.427118617160876,13.158195221837827,12,643.6059620086376,1,1
Combined,16,726301638,Morning,7,30,4.609567588495387,15.970719450555496,2,407.8231029708374,0,0
Combined,16,726301638,Morning,8,17,5.050541672477336,11.368786971400219,2,622.639413791691,0,0
Combined,16,726301638,Morning,9,40,6.512149744011086,14.395013125619172,5,463.7781978780273,1,0
Combined,16,726301638,Morning,10,446,5.014747434076844,14.845493011187187,30,411.88453723887636,0,0
Combined,16,726301638,Evening,6,173,4.135346815720588,9.865859640014014,8,1022.2142129280031,4,4
Combined,16,726301638,Evening,7,28,4.230471362376343,9.684569955501672,4,999.757538714284,0,0
Combined,16,726301638,Evening,8,27,3.186897855137183,7.991892999983428,4,1020.8994865137983,0,0
Combined,16,726301638,Evening,9,32,4.186077256656599,14.167120199356416,4,916.785253868134,1,1
Combined,16,726301638,Evening,10,120,5.419919005915884,15.400009928035285,14,918.6626473462792,0,0
Combined,17,2584016318,Morning,6,163,4.632142227962799,13.673033705952433,12,583.5768795379092,2,2
Combined,17,2584016318,Morning,7,30,4.2540226975656195,13.56226176496509,3,437.32908153015154,0,0
Combined,17,2584016318,Morning,8,17,4.347448597936387,10.896696760479351,2,454.76622052123923,0,0
Combined,17,2584016318,Morning,9,40,5.447553000629507,15.234959293000893,5,587.0073575580113,1,0
Combined,17,2584016318,Morning,10,446,4.833247852473183,14.429282602188437,32,468.2591237975947,2,0
Combined,17,2584016318,Evening,6,176,4.035190736445789,12.03810120522337,10,1112.8374947884374,1,1
Combined,17,2584016318,Evening,7,27,2.804575562659436,7.687903542850813,3,913.0736320862794,1,1
Combined,17,2584016318,Evening,8,25,4.664797766222014,11.677526325376741,3,913.8705517166552,2,2
Combined,17,2584016318,Evening,9,33,4.0628584322689605,11.581114390981632,3,964.2027651665318,0,0
Combined,17,2584016318,Evening,10,120,5.432499848132305,15.53300015804844,14,921.3081963473908,0,0
Combined,18,4074852312,Morning,6,163,4.590796393125465,13.077480837556246,15,579.1475544059483,2,2
Combined,18,4074852312,Morning,7,30,4.074585425694071,12.592024035566045,4,429.0417672350284,0,0
Combined,18,4074852312,Morning,8,17,6.520181304367668,14.86082354209318,2,434.1707649731724,0,0
Combined,18,4074852312,Morning,9,40,5.328155836586198,11.35472766166046,5,523.920555708558,0,0
Combined,18,4074852312,Morning,10,446,4.753312701667708,14.037820962214298,34,468.80684120818006,1,0
Combined,18,4074852312,Evening,6,172,3.642117295668504,9.17628886918592,9,948.7569200739279,5,5
Combined,18,4074852312,Evening,7,28,3.9270196292527464,9.212730380269141,3,913.3512114703263,0,0
Combined,18,4074852312,Evening,8,26,3.2146740918032957,7.898206296448649,3,1004.170137082604,1,1
Combined,18,4074852312,Evening,9,33,4.0180143611066175,10.246174897315903,3,916.7198520179531,0,0
Combined,18,4074852312,Evening,10,120,5.213423905639198,14.278501196579827,18,919.4008801582,0,0
Combined,19,3205241267,Morning,6,163,4.314560933787568,11.427462370993918,15,517.3205669581201,2,2
Combined,19,3205241267,Morning,7,30,4.291085681088437,14.112101939124393,3,588.8582548112986,0,0
Combined,19,3205241267,Morning,8,17,3.7117485622061928,10.043383471035527,2,479.8173457729125,0,0
Combined,19,3205241267,Morning,9,40,5.384200272346144,19.230255313043433,3,374.02095463814953,1,0
Combined,19,3205241267,Morning,10,446,4.523464893026646,15.02134718536611,26,377.0814873028585,0,0
Combined,19,3205241267,Evening,6,176,4.0388907998951105,9.90425424263725,9,906.3770089180823,1,1
Combined,19,3205241267,Evening,7,28,4.431607718525186,10.387157454362436,5,940.9839642092343,0,0
Combined,19,3205241267,Evening,8,27,3.3930479665999616,8.065584517143154,4,964.7216120188288,0,0
Combined,19,3205241267,Evening,9,33,4.7916758225546525,15.53294906289568,4,903.6340507662335,0,0
Combined,19,3205241267,Evening,10,119,4.812641884077917,13.477101749991196,13,921.3115886682207,1,1
Combined,20,1304481603,Morning,6,164,5.068339907547058,14.514841053826219,14,517.2168367471021,1,1
Combined,20,1304481603,Morning,7,30,5.314665318038697,12.825604143062495,3,585.8537837700951,0,0
Combined,20,1304481603,Morning,8,17,4.147063497132234,7.823923186025262,3,560.9718017939737,0,0
Combined,20,1304481603,Morning,9,40,5.453427734047149,17.22247371916281,4,370.7018749418745,0,0
Combined,20,1304481603,Morning,10,446,4.992851431078999,13.9163409546058,34,413.6305507954128,2,0
Combined,20,1304481603,Evening,6,171,4.117127807150057,10.395556882610265,12,935.7267344285216,6,6
Combined,20,1304481603,Evening,7,27,3.7516750590288277,7.698624262166436,4,926.8676545699084,1,1
Combined,20,1304481603,Evening,8,27,5.563303770454787,13.500922903934201,3,906.2035939348328,0,0
Combined,20,1304481603,Evening,9,33,5.433447964619514,13.671561361087647,6,912.1422889233033,0,0
Combined,20,1304481603,Evening,10,120,4.974850249302359,16.055720595083738,15,921.2454765197515,0,0
Combined,21,2726751603,Morning,6,163,4.944206146154512,13.644225599770394,13,516.4245497484126,2,2
Combined,21,2726751603,Morning,7,30,3.7100606313604034,7.997984052733214,4,535.7205962683679,1,0
Combined,21,2726751603,Morning,8,17,5.3905706958090605,11.728157241351298,2,458.02175940123266,0,0
Combined,21,2726751603,Morning,9,40,5.686402845074802,14.220018565591252,4,454.3613938452091,1,0
Combined,21,2726751603,Morning,10,446,4.942248479569832,14.869218706244098,38,468.5692721005735,0,0
Combined,21,2726751603,Evening,6,173,3.8556002407051655,9.079261171087959,11,963.7934863731672,4,4
Combined,21,2726751603,Evening,7,27,3.5972377382423493,11.118008588589971,4,942.7822106389284,1,1
Combined,21,2726751603,Evening,8,27,3.9093268679798627,7.6134862182480445,2,919.2059957277015,0,0
Combined,21,2726751603,Evening,9,33,4.919118031352916,13.658671127570821,3,942.9961063671535,0,0
Combined,21,2726751603,Evening,10,120,4.531937152529489,15.4373451457478,16,921.8643214543299,0,0
Combined,22,2114242019,Morning,6,164,4.898670195600466,15.35021753780237,13,514.5838037295623,1,1
Combined,22,2114242019,Morning,7,30,4.264728045971429,8.879668747008742,2,421.7385858623615,0,0
Combined,22,2114242019,Morning,8,17,6.1089503859116325,13.341562717641642,3,461.10210636178755,0,0
Combined,22,2114242019,Morning,9,40,4.687536221343907,13.497984316195328,3,455.079932542351,0,0
Combined,22,2114242019,Morning,10,446,4.848073508640527,13.108452986501035,29,413.8270387318293,1,0
Combined,22,2114242019,Evening,6,176,3.9054362224817796,8.90184585850875,11,906.6400823056327,1,1
Combined,22,2114242019,Evening,7,28,3.9516757528673616,10.760998511754405,4,998.7744412942667,0,0
Combined,22,2114242019,Evening,8,27,4.615388880019901,11.86563983376943,3,1056.779850166437,0,0
Combined,22,2114242019,Evening,9,33,4.2890919763466195,9.218538886299505,4,1001.3835730568284,0,0
Combined,22,2114242019,Evening,10,119,4.3589988886013975,11.117332569451936,13,921.9342662042144,1,1
Combined,23,1147627710,Morning,6,159,4.254684871854091,12.103642994564938,17,583.3547404189299,6,6
Combined,23,1147627710,Morning,7,30,4.918648722558438,13.439746153677442,3,459.0965280705525,0,0
Combined,23,1147627710,Morning,8,17,4.521595702268177,8.897524231671309,2,469.44170295957684,1,0
Combined,23,1147627710,Morning,9,40,4.883495046366174,14.38653763865173,3,408.31812302370594,0,0
Combined,23,1147627710,Morning,10,446,5.1032572152014515,15.07132740813671,33,468.652783676016,0,0
Combined,23,1147627710,Evening,6,177,4.206726930837139,11.047860646185015,14,934.1344839192707,0,0
Combined,23,1147627710,Evening,7,28,5.010534617022098,12.074551778963587,4,940.2847186352117,0,0
Combined,23,1147627710,Evening,8,27,5.010711126040342,12.833922686405161,3,1100.7670370993935,0,0
Combined,23,1147627710,Evening,9,33,4.527217612188066,11.738540652562957,4,1121.300427693572,0,0
Combined,23,1147627710,Evening,10,120,5.064604227833246,15.433637838842776,15,949.7707853071217,0,0
Combined,24,2483435858,Morning,6,162,4.863170026892675,15.287807799210471,19,516.7296005293803,3,3
Combined,24,2483435858,Morning,7,30,3.812279969376207,10.186011431335967,2,423.47174029959496,1,0
Combined,24,2483435858,Morning,8,17,5.054377613444073,11.434629350475483,3,583.6023782776258,1,0
Combined,24,2483435858,Morning,9,40,5.559032170325,14.697005884038395,3,450.6164883092484,0,0
Combined,24,2483435858,Morning,10,446,4.765141954305033,14.536873061507706,32,413.69384614292323,0,0
Combined,24,2483435858,Evening,6,173,3.725931185105054,9.40469969741639,13,1053.0712073089128,4,4
Combined,24,2483435858,Evening,7,27,3.7141481759054984,9.497307658434565,2,919.1930417608589,1,1
Combined,24,2483435858,Evening,8,26,3.926053724769719,6.863258960674102,2,911.3186726470783,1,1
Combined,24,2483435858,Evening,9,32,4.612568793627222,10.962136634521656,4,1051.4534245701464,1,1
Combined,24,2483435858,Evening,10,119,4.700200351046765,15.279858634636588,13,921.9306723309172,1,1
Combined,25,3210783261,Morning,6,160,4.348827341697946,13.421776003116156,12,642.7561109628737,5,5
Combined,25,3210783261,Morning,7,30,3.6435920770424084,8.349371975074625,3,470.3531134866302,0,0
Combined,25,3210783261,Morning,8,17,4.616551781654069,13.247113431249884,2,471.7006323724718,0,0
Combined,25,3210783261,Morning,9,40,4.672074265354583,13.181349804535772,5,457.9311657155264,0,0
Combined,25,3210783261,Morning,10,446,4.887156819521424,15.44098581268777,29,596.9892826768717,1,0
Combined,25,3210783261,Evening,6,173,3.9404955356994336,8.680476727913494,10,934.7138451101123,4,4
Combined,25,3210783261,Evening,7,28,4.587585528504503,11.465168298905029,3,913.4386913176425,0,0
Combined,25,3210783261,Evening,8,27,4.151965293317217,10.636299165353122,3,1062.9213536002342,0,0
Combined,25,3210783261,Evening,9,33,5.318931564313964,10.109456201961436,4,941.2922093378801,0,0
Combined,25,3210783261,Evening,10,120,4.663068757621168,12.566885603960255,14,920.0666538951292,0,0
Combined,26,1843101495,Morning,6,161,4.925905481432265,14.28873453022618,13,517.0681682361029,4,4
Combined,26,1843101495,Morning,7,30,5.095202594883608,11.391287193661157,3,453.81137660381495,1,0
Combined,26,1843101495,Morning,8,17,5.542193371304486,11.854356098772652,3,581.9972247514761,1,0
Combined,26,1843101495,Morning,9,40,5.153848946100695,14.083269152919732,5,410.3429635311956,0,0
Combined,26,1843101495,Morning,10,446,4.73616159547298,14.449095348965471,34,468.99708929758793,4,0
Combined,26,1843101495,Evening,6,175,3.7746779039403524,9.410160359727993,12,934.9234633092009,2,2
Combined,26,1843101495,Evening,7,27,3.460818713807591,5.532410827852596,3,946.091506426108,1,1
Combined,26,1843101495,Evening,8,27,4.5813617357299945,12.701804897816313,3,950.7231876431042,0,0
Combined,26,1843101495,Evening,9,33,4.430301329912533,9.856638038062554,3,943.0770386279585,0,0
Combined,26,1843101495,Evening,10,120,4.329179111800429,11.843587064903918,13,918.3938680593884,0,0
Combined,27,1807795135,Morning,6,163,4.600087844274706,15.678260206472311,12,582.0103374567416,2,2
Combined,27,1807795135,Morning,7,30,3.3290845290685693,9.46823308016002,4,495.54531653633427,0,0
Combined,27,1807795135,Morning,8,17,3.582288154918976,8.377107960109326,3,424.2936358302737,1,0
Combined,27,1807795135,Morning,9,40,4.379115451771275,13.733481591119515,5,424.30203871677446,0,0
Combined,27,1807795135,Morning,10,446,4.941979656452311,14.329451576113911,28,413.52064309819946,1,0
Combined,27,1807795135,Evening,6,175,4.2204067297568875,10.313754775086336,14,935.540664878295,2,2
Combined,27,1807795135,Evening,7,28,4.966134789332301,12.595693264952054,2,914.4466643723244,0,0
Combined,27,1807795135,Evening,8,27,4.889491874323699,12.012208635773877,2,907.2276311482966,0,0
Combined,27,1807795135,Evening,9,32,5.1133249848946285,14.237274021518342,3,941.319280860816,1,1
Combined,27,1807795135,Evening,10,120,4.88671181585087,15.649372740606173,11,921.5361515887429,0,0
Combined,28,650419918,Morning,6,161,4.511466904848271,13.062033262808598,12,581.2803584783876,4,4
Combined,28,650419918,Morning,7,30,4.77801593365092,14.27694448491729,4,523.5983041817789,0,0
Combined,28,650419918,Morning,8,17,4.588998930277793,15.784881798093894,2,498.56237455798976,1,0
Combined,28,650419918,Morning,9,40,4.796123579172489,13.481193704806238,4,461.88708124751327,0,0
Combined,28,650419918,Morning,10,446,5.218207633146911,15.595281942063451,35,530.0414906521704,2,0
Combined,28,650419918,Evening,6,172,3.8728379351070967,10.462317172591575,14,935.0663084585715,5,5
Combined,28,650419918,Evening,7,28,4.66498103965945,12.251331286156004,3,967.9003841256346,0,0
Combined,28,650419918,Evening,8,26,5.188476504924631,9.81531950439637,5,1058.2614728144572,1,1
Combined,28,650419918,Evening,9,32,4.721974475025892,9.733789041296,3,912.8960255813292,1,1
Combined,28,650419918,Evening,10,120,5.135091005425642,13.87970157541008,13,921.8924757476092,0,0
Combined,29,982532350,Morning,6,162,4.798846270414946,14.915615212559503,14,581.7050535072399,3,3
Combined,29,982532350,Morning,7,30,5.758311103906264,14.811483285130201,3,491.3407026563468,0,0
Combined,29,982532350,Morning,8,17,3.8940639966847526,9.608402028749554,2,484.7933108407723,0,0
Combined,29,982532350,Morning,9,40,4.471734842409143,10.467652167271076,4,463.9456965686691,1,0
Combined,29,982532350,Morning,10,446,4.778528338373808,14.986059057414394,32,413.594079603292,0,0
Combined,29,982532350,Evening,6,174,4.2070662368201015,11.5406062749895,13,934.1937869486998,3,3
Combined,29,982532350,Evening,7,27,4.215288184314516,11.580736934799024,3,914.0160807418855,1,1
Combined,29,982532350,Evening,8,27,3.972447092889141,11.436512663533174,3,939.5636971562167,0,0
Combined,29,982532350,Evening,9,33,4.9812296146533335,13.734895980276264,4,1066.3792123791736,0,0
Combined,29,982532350,Evening,10,120,5.041874761237433,16.580047228481135,17,918.2505741249493,0,0
Combined,30,1193431242,Morning,6,155,4.792193318381233,13.204858772841972,13,515.6434371610004,10,10
Combined,30,1193431242,Morning,7,30,4.091743225316647,10.604344678545058,3,458.34182631975546,0,0
Combined,30,1193431242,Morning,8,17,4.263558409098995,8.943909216014138,2,518.4808813972122,0,0
Combined,30,1193431242,Morning,9,40,3.7262722632059466,9.96349568300078,5,460.46188065040303,0,0
Combined,30,1193431242,Morning,10,446,4.52000393013014,13.179484681257065,31,530.7060340457286,2,0
Combined,30,1193431242,Evening,6,174,3.824982494328662,8.694453075109495,14,934.19593645905,3,3
Combined,30,1193431242,Evening,7,28,4.245029761067035,11.442409343165165,4,941.7734661145715,0,0
Combined,30,1193431242,Evening,8,26,4.355621785031474,13.866830754332426,3,904.2846505892046,1,1
Combined,30,1193431242,Evening,9,32,3.9878406311083836,12.398740064857526,4,1073.8531692895774,1,1
Combined,30,1193431242,Evening,10,119,4.772703248992702,13.490074094148442,15,921.9152708889711,1,1
