Stop Sequence,Stop Name,Hour,Baseline Passenger Count,High-Demand Passenger Count,Additional Passenger Count
6,W 65 ST/CENTRAL PARK WEST,6,8,11,3
6,W 65 ST/CENTRAL PARK WEST,7,25,36,11
6,W 65 ST/CENTRAL PARK WEST,8,40,57,17
6,W 65 ST/CENTRAL PARK WEST,9,24,34,10
6,W 65 ST/CENTRAL PARK WEST,10,19,27,8
6,W 65 ST/CENTRAL PARK WEST,15,34,47,13
6,W 65 ST/CENTRAL PARK WEST,16,28,39,11
6,W 65 ST/CENTRAL PARK WEST,17,31,44,13
6,W 65 ST/CENTRAL PARK WEST,18,22,31,9
6,W 65 ST/CENTRAL PARK WEST,19,11,16,5
7,E 65 ST/5 AV,6,2,2,0
7,E 65 ST/5 AV,7,5,7,2
7,E 65 ST/5 AV,8,8,11,3
7,E 65 ST/5 AV,9,5,6,1
7,E 65 ST/5 AV,10,3,4,1
7,E 65 ST/5 AV,15,5,7,2
7,E 65 ST/5 AV,16,6,8,2
7,E 65 ST/5 AV,17,5,7,2
7,E 65 ST/5 AV,18,3,4,1
7,E 65 ST/5 AV,19,2,2,0
8,MADISON AV/E 65 ST,6,1,1,0
8,MADISON AV/E 65 ST,7,3,4,1
8,MADISON AV/E 65 ST,8,4,5,1
8,MADISON AV/E 65 ST,9,3,4,1
8,MADISON AV/E 65 ST,10,2,3,1
8,MADISON AV/E 65 ST,15,5,6,1
8,MADISON AV/E 65 ST,16,5,7,2
8,MADISON AV/E 65 ST,17,4,6,2
8,MADISON AV/E 65 ST,18,3,5,2
8,MADISON AV/E 65 ST,19,2,3,1
9,MADISON AV/E 67 ST,6,5,7,2
9,MADISON AV/E 67 ST,7,8,11,3
9,MADISON AV/E 67 ST,8,8,11,3
9,MADISON AV/E 67 ST,9,5,7,2
9,MADISON AV/E 67 ST,10,3,4,1
9,MADISON AV/E 67 ST,15,5,7,2
9,MADISON AV/E 67 ST,16,6,8,2
9,MADISON AV/E 67 ST,17,6,9,3
9,MADISON AV/E 67 ST,18,5,6,1
9,MADISON AV/E 67 ST,19,2,3,1
10,E 68 ST/LEXINGTON AV,6,48,68,20
10,E 68 ST/LEXINGTON AV,7,93,130,37
10,E 68 ST/LEXINGTON AV,8,101,141,40
10,E 68 ST/LEXINGTON AV,9,52,73,21
10,E 68 ST/LEXINGTON AV,10,25,34,9
10,E 68 ST/LEXINGTON AV,15,26,37,11
10,E 68 ST/LEXINGTON AV,16,18,25,7
10,E 68 ST/LEXINGTON AV,17,16,22,6
10,E 68 ST/LEXINGTON AV,18,16,22,6
10,E 68 ST/LEXINGTON AV,19,10,14,4
