Metric,Replications,Reference Mean,Candidate Mean,Paired Difference,Difference CI Lower,Difference CI Upper,Reduction Supported,Scenario,Period,Comparison
Mean Completed Wait,30,3.6560104351831098,3.4738024042674533,-0.18220803091565688,-0.2243903604133056,-0.14002570141800816,True,Baseline,Morning,GA minus Published Reference
P95 Completed Wait,30,9.064017803739825,7.155709919207097,-1.9083078845327244,-2.038321067262365,-1.778294701803084,True,Baseline,Morning,GA minus Published Reference
Peak Queue,30,17.3,17.2,-0.1,-1.0969025122955023,0.8969025122955023,False,Baseline,Morning,GA minus Published Reference
Final Backlog,30,1.9,1.4333333333333333,-0.4666666666666667,-0.7014682634743756,-0.23186506985895775,True,Baseline,Morning,GA minus Published Reference
Mean Completed Wait,30,3.6560104351831098,3.5719891981690433,-0.08402123701406718,-0.13528015070206878,-0.03276232332606556,True,Baseline,Morning,Regularized Reference minus Published Reference
P95 Completed Wait,30,9.064017803739825,9.059776122668156,-0.004241681071666944,-0.1967372817008363,0.1882539195575024,False,Baseline,Morning,Regularized Reference minus Published Reference
Peak Queue,30,17.3,18.1,0.8,-0.2579714304709897,1.8579714304709898,False,Baseline,Morning,Regularized Reference minus Published Reference
Final Backlog,30,1.9,1.4333333333333333,-0.4666666666666667,-0.7014682634743756,-0.23186506985895775,True,Baseline,Morning,Regularized Reference minus Published Reference
Mean Completed Wait,30,3.6560104351831098,3.521659983981605,-0.13435045120150504,-0.18686384728947625,-0.08183705511353384,True,Baseline,Morning,Demand Rule minus Published Reference
P95 Completed Wait,30,9.064017803739825,8.735438428731982,-0.3285793750078397,-0.5266507338625158,-0.13050801615316351,True,Baseline,Morning,Demand Rule minus Published Reference
Peak Queue,30,17.3,16.633333333333333,-0.6666666666666666,-1.6537949929091456,0.3204616595758122,False,Baseline,Morning,Demand Rule minus Published Reference
Final Backlog,30,1.9,1.8666666666666667,-0.03333333333333333,-0.10150765473775675,0.034840988071090075,False,Baseline,Morning,Demand Rule minus Published Reference
Mean Completed Wait,30,3.5719891981690433,3.4738024042674533,-0.0981867939015897,-0.13720539758570555,-0.05916819021747387,True,Baseline,Morning,GA minus Regularized Reference
P95 Completed Wait,30,9.059776122668156,7.155709919207097,-1.9040662034610571,-2.037831706621382,-1.7703007003007323,True,Baseline,Morning,GA minus Regularized Reference
Peak Queue,30,18.1,17.2,-0.9,-1.567609209797583,-0.23239079020241704,True,Baseline,Morning,GA minus Regularized Reference
Final Backlog,30,1.4333333333333333,1.4333333333333333,0.0,0.0,0.0,False,Baseline,Morning,GA minus Regularized Reference
Mean Completed Wait,30,3.521659983981605,3.4738024042674533,-0.04785757971415183,-0.08950335694736428,-0.006211802480939395,True,Baseline,Morning,GA minus Demand Rule
P95 Completed Wait,30,8.735438428731982,7.155709919207097,-1.5797285095248847,-1.7385431384987737,-1.4209138805509958,True,Baseline,Morning,GA minus Demand Rule
Peak Queue,30,16.633333333333333,17.2,0.5666666666666667,-0.035299532456992244,1.1686328657903255,False,Baseline,Morning,GA minus Demand Rule
Final Backlog,30,1.8666666666666667,1.4333333333333333,-0.43333333333333335,-0.6671088439636274,-0.19955782270303937,True,Baseline,Morning,GA minus Demand Rule
Mean Completed Wait,30,3.5837930376605924,3.5690832950542104,-0.014709742606382973,-0.06884426131471914,0.039424776101953204,False,Baseline,Evening,GA minus Published Reference
P95 Completed Wait,30,7.633113160947092,7.465811155134493,-0.1673020058125988,-0.3354078111476769,0.0008037995224793593,False,Baseline,Evening,GA minus Published Reference
Peak Queue,30,9.8,8.233333333333333,-1.5666666666666667,-2.257865207757599,-0.8754681255757344,True,Baseline,Evening,GA minus Published Reference
Final Backlog,30,3.3333333333333335,0.9333333333333333,-2.4,-2.9598945627820226,-1.8401054372179773,True,Baseline,Evening,GA minus Published Reference
Mean Completed Wait,30,3.5837930376605924,3.558467086520359,-0.025325951140234452,-0.09193980148129383,0.04128789920082493,False,Baseline,Evening,Regularized Reference minus Published Reference
P95 Completed Wait,30,7.633113160947092,7.813639478344464,0.18052631739737218,-0.06707769335001415,0.4281303281447585,False,Baseline,Evening,Regularized Reference minus Published Reference
Peak Queue,30,9.8,8.6,-1.2,-1.8232870914274768,-0.5767129085725232,True,Baseline,Evening,Regularized Reference minus Published Reference
Final Backlog,30,3.3333333333333335,1.2333333333333334,-2.1,-2.573850008155281,-1.6261499918447193,True,Baseline,Evening,Regularized Reference minus Published Reference
Mean Completed Wait,30,3.5837930376605924,3.4873096717045433,-0.09648336595604927,-0.18153740169362326,-0.011429330218475281,True,Baseline,Evening,Demand Rule minus Published Reference
P95 Completed Wait,30,7.633113160947092,8.081274286859294,0.44816112591220275,0.21865304126325777,0.6776692105611477,False,Baseline,Evening,Demand Rule minus Published Reference
Peak Queue,30,9.8,8.066666666666666,-1.7333333333333334,-2.353010125759973,-1.1136565409066939,True,Baseline,Evening,Demand Rule minus Published Reference
Final Backlog,30,3.3333333333333335,1.2333333333333334,-2.1,-2.573850008155281,-1.6261499918447193,True,Baseline,Evening,Demand Rule minus Published Reference
Mean Completed Wait,30,3.558467086520359,3.5690832950542104,0.010616208533851479,-0.05417296462004831,0.07540538168775127,False,Baseline,Evening,GA minus Regularized Reference
P95 Completed Wait,30,7.813639478344464,7.465811155134493,-0.3478283232099709,-0.551794281173223,-0.14386236524671878,True,Baseline,Evening,GA minus Regularized Reference
Peak Queue,30,8.6,8.233333333333333,-0.36666666666666664,-0.7766909412130922,0.04335760787975901,False,Baseline,Evening,GA minus Regularized Reference
Final Backlog,30,1.2333333333333334,0.9333333333333333,-0.3,-0.47404146361915533,-0.12595853638084464,True,Baseline,Evening,GA minus Regularized Reference
Mean Completed Wait,30,3.4873096717045433,3.5690832950542104,0.08177362334966629,0.01555123389248561,0.14799601280684696,False,Baseline,Evening,GA minus Demand Rule
P95 Completed Wait,30,8.081274286859294,7.465811155134493,-0.6154631317248016,-0.7884589045728585,-0.4424673588767447,True,Baseline,Evening,GA minus Demand Rule
Peak Queue,30,8.066666666666666,8.233333333333333,0.16666666666666666,-0.05442467973683307,0.3877580130701664,False,Baseline,Evening,GA minus Demand Rule
Final Backlog,30,1.2333333333333334,0.9333333333333333,-0.3,-0.47404146361915533,-0.12595853638084464,True,Baseline,Evening,GA minus Demand Rule
Mean Completed Wait,30,3.6552759516021136,3.488451620252261,-0.16682433134985347,-0.21927729851716196,-0.11437136418254498,True,High-Demand,Morning,GA minus Published Reference
P95 Completed Wait,30,9.086808869490048,7.505646150376079,-1.5811627191139646,-1.7370181865150527,-1.4253072517128764,True,High-Demand,Morning,GA minus Published Reference
Peak Queue,30,23.633333333333333,21.8,-1.8333333333333333,-2.9688273471361954,-0.6978393195304708,True,High-Demand,Morning,GA minus Published Reference
Final Backlog,30,2.466666666666667,2.433333333333333,-0.03333333333333333,-0.10150765473775675,0.034840988071090075,False,High-Demand,Morning,GA minus Published Reference
Mean Completed Wait,30,3.6552759516021136,3.5711526104259446,-0.08412334117616992,-0.12819858425540248,-0.040048098096937344,True,High-Demand,Morning,Regularized Reference minus Published Reference
P95 Completed Wait,30,9.086808869490048,9.040494784283869,-0.04631408520617596,-0.2128984659447795,0.12027029553242757,False,High-Demand,Morning,Regularized Reference minus Published Reference
Peak Queue,30,23.633333333333333,24.466666666666665,0.8333333333333334,-0.608144888456461,2.2748115551231276,False,High-Demand,Morning,Regularized Reference minus Published Reference
Final Backlog,30,2.466666666666667,1.9333333333333333,-0.5333333333333333,-0.7877892228767942,-0.2788774437898724,True,High-Demand,Morning,Regularized Reference minus Published Reference
Mean Completed Wait,30,3.6552759516021136,3.517292134781895,-0.1379838168202185,-0.18465348650999333,-0.0913141471304437,True,High-Demand,Morning,Demand Rule minus Published Reference
P95 Completed Wait,30,9.086808869490048,8.759730096891326,-0.3270787725987194,-0.4994547002039357,-0.15470284499350317,True,High-Demand,Morning,Demand Rule minus Published Reference
Peak Queue,30,23.633333333333333,22.633333333333333,-1.0,-2.3623105016704096,0.36231050167040957,False,High-Demand,Morning,Demand Rule minus Published Reference
Final Backlog,30,2.466666666666667,2.433333333333333,-0.03333333333333333,-0.10150765473775675,0.034840988071090075,False,High-Demand,Morning,Demand Rule minus Published Reference
Mean Completed Wait,30,3.5711526104259446,3.488451620252261,-0.08270099017368354,-0.11532038678783746,-0.05008159355952962,True,High-Demand,Morning,GA minus Regularized Reference
P95 Completed Wait,30,9.040494784283869,7.505646150376079,-1.534848633907789,-1.685029631267352,-1.3846676365482258,True,High-Demand,Morning,GA minus Regularized Reference
Peak Queue,30,24.466666666666665,21.8,-2.6666666666666665,-3.6190900302245694,-1.7142433031087636,True,High-Demand,Morning,GA minus Regularized Reference
Final Backlog,30,1.9333333333333333,2.433333333333333,0.5,0.2452293844369952,0.7547706155630047,False,High-Demand,Morning,GA minus Regularized Reference
Mean Completed Wait,30,3.517292134781895,3.488451620252261,-0.02884051452963492,-0.055208417422168934,-0.0024726116371009098,True,High-Demand,Morning,GA minus Demand Rule
P95 Completed Wait,30,8.759730096891326,7.505646150376079,-1.2540839465152451,-1.3406441808673777,-1.1675237121631126,True,High-Demand,Morning,GA minus Demand Rule
Peak Queue,30,22.633333333333333,21.8,-0.8333333333333334,-1.5342026770844344,-0.1324639895822325,True,High-Demand,Morning,GA minus Demand Rule
Final Backlog,30,2.433333333333333,2.433333333333333,0.0,0.0,0.0,False,High-Demand,Morning,GA minus Demand Rule
Mean Completed Wait,30,3.587659716235295,3.4672931707174657,-0.12036654551782969,-0.1687858093752974,-0.07194728166036196,True,High-Demand,Evening,GA minus Published Reference
P95 Completed Wait,30,7.664384787284246,7.367335947572934,-0.2970488397113138,-0.5810542772860176,-0.013043402136610038,True,High-Demand,Evening,GA minus Published Reference
Peak Queue,30,13.533333333333333,10.9,-2.6333333333333333,-3.3019020969280293,-1.9647645697386376,True,High-Demand,Evening,GA minus Published Reference
Final Backlog,30,4.533333333333333,1.8,-2.7333333333333334,-3.304562943834001,-2.162103722832666,True,High-Demand,Evening,GA minus Published Reference
Mean Completed Wait,30,3.587659716235295,3.560747813373531,-0.026911902861764193,-0.07674154492980281,0.02291773920627443,False,High-Demand,Evening,Regularized Reference minus Published Reference
P95 Completed Wait,30,7.664384787284246,7.867110875577655,0.2027260882934097,-0.03481446172546848,0.4402666383122879,False,High-Demand,Evening,Regularized Reference minus Published Reference
Peak Queue,30,13.533333333333333,11.633333333333333,-1.9,-2.668076952463172,-1.1319230475368278,True,High-Demand,Evening,Regularized Reference minus Published Reference
Final Backlog,30,4.533333333333333,1.8,-2.7333333333333334,-3.304562943834001,-2.162103722832666,True,High-Demand,Evening,Regularized Reference minus Published Reference
Mean Completed Wait,30,3.587659716235295,3.48675766687572,-0.10090204935957484,-0.15243689700208157,-0.04936720171706811,True,High-Demand,Evening,Demand Rule minus Published Reference
P95 Completed Wait,30,7.664384787284246,8.100255988603484,0.4358712013192378,0.24396019212564882,0.6277822105128268,False,High-Demand,Evening,Demand Rule minus Published Reference
Peak Queue,30,13.533333333333333,10.766666666666667,-2.7666666666666666,-3.4851508089035357,-2.0481825244297975,True,High-Demand,Evening,Demand Rule minus Published Reference
Final Backlog,30,4.533333333333333,1.8,-2.7333333333333334,-3.304562943834001,-2.162103722832666,True,High-Demand,Evening,Demand Rule minus Published Reference
Mean Completed Wait,30,3.560747813373531,3.4672931707174657,-0.09345464265606548,-0.14687354511938494,-0.04003574019274603,True,High-Demand,Evening,GA minus Regularized Reference
P95 Completed Wait,30,7.867110875577655,7.367335947572934,-0.4997749280047235,-0.6237300741457436,-0.37581978186370346,True,High-Demand,Evening,GA minus Regularized Reference
Peak Queue,30,11.633333333333333,10.9,-0.7333333333333333,-1.1486008497059474,-0.31806581696071917,True,High-Demand,Evening,GA minus Regularized Reference
Final Backlog,30,1.8,1.8,0.0,0.0,0.0,False,High-Demand,Evening,GA minus Regularized Reference
Mean Completed Wait,30,3.48675766687572,3.4672931707174657,-0.01946449615825485,-0.057726391603253865,0.018797399286744162,False,High-Demand,Evening,GA minus Demand Rule
P95 Completed Wait,30,8.100255988603484,7.367335947572934,-0.7329200410305515,-0.9473328363729727,-0.5185072456881303,True,High-Demand,Evening,GA minus Demand Rule
Peak Queue,30,10.766666666666667,10.9,0.13333333333333333,-0.12112255621012749,0.3877892228767942,False,High-Demand,Evening,GA minus Demand Rule
Final Backlog,30,1.8,1.8,0.0,0.0,0.0,False,High-Demand,Evening,GA minus Demand Rule
Mean Completed Wait,30,4.752574237482572,3.9193349707059935,-0.8332392667765783,-0.8964389873729195,-0.7700395461802372,True,Reduced-Service,Morning,GA minus Published Reference
P95 Completed Wait,30,13.933398122483032,8.909967620660511,-5.0234305018225225,-5.293462864608556,-4.753398139036489,True,Reduced-Service,Morning,GA minus Published Reference
Peak Queue,30,23.3,18.233333333333334,-5.066666666666666,-6.610729287784156,-3.522604045549177,True,Reduced-Service,Morning,GA minus Published Reference
Final Backlog,30,1.9,1.8666666666666667,-0.03333333333333333,-0.10150765473775675,0.034840988071090075,False,Reduced-Service,Morning,GA minus Published Reference
Mean Completed Wait,30,4.752574237482572,4.1061387230681445,-0.6464355144144265,-0.7064180347943185,-0.5864529940345344,True,Reduced-Service,Morning,Regularized Reference minus Published Reference
P95 Completed Wait,30,13.933398122483032,10.798326265551667,-3.1350718569313676,-3.3937956824097237,-2.8763480314530114,True,Reduced-Service,Morning,Regularized Reference minus Published Reference
Peak Queue,30,23.3,20.333333333333332,-2.966666666666667,-4.7919850360548,-1.141348297278533,True,Reduced-Service,Morning,Regularized Reference minus Published Reference
Final Backlog,30,1.9,1.8666666666666667,-0.03333333333333333,-0.10150765473775675,0.034840988071090075,False,Reduced-Service,Morning,Regularized Reference minus Published Reference
Mean Completed Wait,30,4.752574237482572,4.008155897248678,-0.7444183402338933,-0.8145171642528072,-0.6743195162149794,True,Reduced-Service,Morning,Demand Rule minus Published Reference
P95 Completed Wait,30,13.933398122483032,10.371319325784773,-3.562078796698258,-3.8645381829019287,-3.2596194104945875,True,Reduced-Service,Morning,Demand Rule minus Published Reference
Peak Queue,30,23.3,18.8,-4.5,-6.180685246066858,-2.819314753933142,True,Reduced-Service,Morning,Demand Rule minus Published Reference
Final Backlog,30,1.9,2.3333333333333335,0.43333333333333335,0.22111886749617451,0.6455477991704922,False,Reduced-Service,Morning,Demand Rule minus Published Reference
Mean Completed Wait,30,4.1061387230681445,3.9193349707059935,-0.18680375236215166,-0.2190181952749668,-0.15458930944933652,True,Reduced-Service,Morning,GA minus Regularized Reference
P95 Completed Wait,30,10.798326265551667,8.909967620660511,-1.8883586448911551,-2.0494572299327047,-1.7272600598496055,True,Reduced-Service,Morning,GA minus Regularized Reference
Peak Queue,30,20.333333333333332,18.233333333333334,-2.1,-2.7818607458465117,-1.4181392541534885,True,Reduced-Service,Morning,GA minus Regularized Reference
Final Backlog,30,1.8666666666666667,1.8666666666666667,0.0,0.0,0.0,False,Reduced-Service,Morning,GA minus Regularized Reference
Mean Completed Wait,30,4.008155897248678,3.9193349707059935,-0.08882092654268477,-0.1327319078704038,-0.04490994521496574,True,Reduced-Service,Morning,GA minus Demand Rule
P95 Completed Wait,30,10.371319325784773,8.909967620660511,-1.4613517051242644,-1.6327671871831193,-1.2899362230654094,True,Reduced-Service,Morning,GA minus Demand Rule
Peak Queue,30,18.8,18.233333333333334,-0.5666666666666667,-1.023292495030459,-0.11004083830287431,True,Reduced-Service,Morning,GA minus Demand Rule
Final Backlog,30,2.3333333333333335,1.8666666666666667,-0.4666666666666667,-0.7014682634743756,-0.23186506985895775,True,Reduced-Service,Morning,GA minus Demand Rule
Mean Completed Wait,30,4.296462145919864,3.9830381275552225,-0.3134240183646425,-0.3947260391336045,-0.2321219975956805,True,Reduced-Service,Evening,GA minus Published Reference
P95 Completed Wait,30,11.514080523937587,8.415661078794885,-3.0984194451427034,-3.5119275613037715,-2.6849113289816353,True,Reduced-Service,Evening,GA minus Published Reference
Peak Queue,30,10.4,8.8,-1.6,-2.2765516013811755,-0.9234483986188247,True,Reduced-Service,Evening,GA minus Published Reference
Final Backlog,30,3.3333333333333335,1.7,-1.6333333333333333,-2.0878483992628785,-1.178818267403788,True,Reduced-Service,Evening,GA minus Published Reference
Mean Completed Wait,30,4.296462145919864,4.014959021200473,-0.2815031247193922,-0.38006515393794416,-0.18294109550084026,True,Reduced-Service,Evening,Regularized Reference minus Published Reference
P95 Completed Wait,30,11.514080523937587,8.995334992532694,-2.518745531404894,-2.88973692881469,-2.1477541339950976,True,Reduced-Service,Evening,Regularized Reference minus Published Reference
Peak Queue,30,10.4,9.066666666666666,-1.3333333333333333,-1.9162275619173963,-0.7504391047492702,True,Reduced-Service,Evening,Regularized Reference minus Published Reference
Final Backlog,30,3.3333333333333335,1.7,-1.6333333333333333,-2.0878483992628785,-1.178818267403788,True,Reduced-Service,Evening,Regularized Reference minus Published Reference
Mean Completed Wait,30,4.296462145919864,3.894343059425966,-0.4021190864938979,-0.4929140650626571,-0.31132410792513865,True,Reduced-Service,Evening,Demand Rule minus Published Reference
P95 Completed Wait,30,11.514080523937587,8.731590401377332,-2.782490122560255,-3.1788822654967186,-2.3860979796237913,True,Reduced-Service,Evening,Demand Rule minus Published Reference
Peak Queue,30,10.4,8.3,-2.1,-2.603370499541314,-1.5966295004586861,True,Reduced-Service,Evening,Demand Rule minus Published Reference
Final Backlog,30,3.3333333333333335,1.7,-1.6333333333333333,-2.0878483992628785,-1.178818267403788,True,Reduced-Service,Evening,Demand Rule minus Published Reference
Mean Completed Wait,30,4.014959021200473,3.9830381275552225,-0.031920893645250234,-0.10551513659816988,0.041673349307669416,False,Reduced-Service,Evening,GA minus Regularized Reference
P95 Completed Wait,30,8.995334992532694,8.415661078794885,-0.5796739137378092,-0.7137616745623712,-0.4455861529132472,True,Reduced-Service,Evening,GA minus Regularized Reference
Peak Queue,30,9.066666666666666,8.8,-0.26666666666666666,-0.7755784457535884,0.2422451124202551,False,Reduced-Service,Evening,GA minus Regularized Reference
Final Backlog,30,1.7,1.7,0.0,0.0,0.0,False,Reduced-Service,Evening,GA minus Regularized Reference
Mean Completed Wait,30,3.894343059425966,3.9830381275552225,0.08869506812925547,0.027365747104121284,0.15002438915438965,False,Reduced-Service,Evening,GA minus Demand Rule
P95 Completed Wait,30,8.731590401377332,8.415661078794885,-0.31592932258244716,-0.46901515717788234,-0.16284348798701198,True,Reduced-Service,Evening,GA minus Demand Rule
Peak Queue,30,8.3,8.8,0.5,0.07538230739499208,0.9246176926050079,False,Reduced-Service,Evening,GA minus Demand Rule
Final Backlog,30,1.7,1.7,0.0,0.0,0.0,False,Reduced-Service,Evening,GA minus Demand Rule
Mean Completed Wait,30,4.752181389454196,3.979722326530901,-0.7724590629232964,-0.8301452929560871,-0.7147728328905056,True,Combined,Morning,GA minus Published Reference
P95 Completed Wait,30,13.985581767489968,8.462246887233144,-5.523334880256827,-5.756114314687486,-5.290555445826167,True,Combined,Morning,GA minus Published Reference
Peak Queue,30,32.03333333333333,24.933333333333334,-7.1,-8.666986955187088,-5.533013044812912,True,Combined,Morning,GA minus Published Reference
Final Backlog,30,2.466666666666667,1.9333333333333333,-0.5333333333333333,-0.7877892228767942,-0.2788774437898724,True,Combined,Morning,GA minus Published Reference
Mean Completed Wait,30,4.752181389454196,4.099453399494227,-0.6527279899599697,-0.7070809074254053,-0.5983750724945341,True,Combined,Morning,Regularized Reference minus Published Reference
P95 Completed Wait,30,13.985581767489968,10.824439038649158,-3.1611427288408107,-3.3862500567629787,-2.9360354009186427,True,Combined,Morning,Regularized Reference minus Published Reference
Peak Queue,30,32.03333333333333,28.1,-3.933333333333333,-6.12809525037307,-1.7385714162935968,True,Combined,Morning,Regularized Reference minus Published Reference
Final Backlog,30,2.466666666666667,2.433333333333333,-0.03333333333333333,-0.10150765473775675,0.034840988071090075,False,Combined,Morning,Regularized Reference minus Published Reference
Mean Completed Wait,30,4.752181389454196,4.010289486700346,-0.7418919027538512,-0.799988603670841,-0.6837952018368614,True,Combined,Morning,Demand Rule minus Published Reference
P95 Completed Wait,30,13.985581767489968,10.407977293058535,-3.5776044744314346,-3.8203563463636776,-3.3348526024991916,True,Combined,Morning,Demand Rule minus Published Reference
Peak Queue,30,32.03333333333333,25.6,-6.433333333333334,-8.46602592444734,-4.400640742219327,True,Combined,Morning,Demand Rule minus Published Reference
Final Backlog,30,2.466666666666667,3.1666666666666665,0.7,0.4568159942792085,0.9431840057207914,False,Combined,Morning,Demand Rule minus Published Reference
Mean Completed Wait,30,4.099453399494227,3.979722326530901,-0.1197310729633266,-0.16585448784066165,-0.07360765808599157,True,Combined,Morning,GA minus Regularized Reference
P95 Completed Wait,30,10.824439038649158,8.462246887233144,-2.362192151416017,-2.524907650180546,-2.1994766526514877,True,Combined,Morning,GA minus Regularized Reference
Peak Queue,30,28.1,24.933333333333334,-3.1666666666666665,-4.536310144669713,-1.7970231886636199,True,Combined,Morning,GA minus Regularized Reference
Final Backlog,30,2.433333333333333,1.9333333333333333,-0.5,-0.7547706155630047,-0.2452293844369952,True,Combined,Morning,GA minus Regularized Reference
Mean Completed Wait,30,4.010289486700346,3.979722326530901,-0.030567160169445273,-0.07276202902479945,0.011627708685908893,False,Combined,Morning,GA minus Demand Rule
P95 Completed Wait,30,10.407977293058535,8.462246887233144,-1.945730405825393,-2.092243832021058,-1.799216979629728,True,Combined,Morning,GA minus Demand Rule
Peak Queue,30,25.6,24.933333333333334,-0.6666666666666666,-1.7288712092236747,0.3955378758903413,False,Combined,Morning,GA minus Demand Rule
Final Backlog,30,3.1666666666666665,1.9333333333333333,-1.2333333333333334,-1.6456961683334135,-0.8209704983332532,True,Combined,Morning,GA minus Demand Rule
Mean Completed Wait,30,4.306825911777545,3.9952004432933066,-0.3116254684842376,-0.37963465986784095,-0.24361627710063427,True,Combined,Evening,GA minus Published Reference
P95 Completed Wait,30,11.807574404821205,7.757691538693833,-4.049882866127373,-4.360505527193158,-3.7392602050615866,True,Combined,Evening,GA minus Published Reference
Peak Queue,30,14.066666666666666,12.3,-1.7666666666666666,-2.5553336249607197,-0.9779997083726134,True,Combined,Evening,GA minus Published Reference
Final Backlog,30,4.533333333333333,1.2333333333333334,-3.3,-3.9589103468414106,-2.641089653158589,True,Combined,Evening,GA minus Published Reference
Mean Completed Wait,30,4.306825911777545,4.041209666962995,-0.2656162448145498,-0.3395583890041326,-0.19167410062496704,True,Combined,Evening,Regularized Reference minus Published Reference
P95 Completed Wait,30,11.807574404821205,9.276016106572621,-2.5315582982485805,-2.863869369484427,-2.199247227012734,True,Combined,Evening,Regularized Reference minus Published Reference
Peak Queue,30,14.066666666666666,12.266666666666667,-1.8,-2.5621069449481517,-1.0378930550518484,True,Combined,Evening,Regularized Reference minus Published Reference
Final Backlog,30,4.533333333333333,2.3,-2.2333333333333334,-2.7853000404162516,-1.6813666262504152,True,Combined,Evening,Regularized Reference minus Published Reference
Mean Completed Wait,30,4.306825911777545,3.921838429114289,-0.38498748266325483,-0.4551587849933035,-0.3148161803332062,True,Combined,Evening,Demand Rule minus Published Reference
P95 Completed Wait,30,11.807574404821205,8.961930390961559,-2.8456440138596455,-3.1938507309434243,-2.4974372967758667,True,Combined,Evening,Demand Rule minus Published Reference
Peak Queue,30,14.066666666666666,11.033333333333333,-3.033333333333333,-3.7231392634573446,-2.343527403209322,True,Combined,Evening,Demand Rule minus Published Reference
Final Backlog,30,4.533333333333333,2.3,-2.2333333333333334,-2.7853000404162516,-1.6813666262504152,True,Combined,Evening,Demand Rule minus Published Reference
Mean Completed Wait,30,4.041209666962995,3.9952004432933066,-0.046009223669687786,-0.09598667296196473,0.00396822562258916,False,Combined,Evening,GA minus Regularized Reference
P95 Completed Wait,30,9.276016106572621,7.757691538693833,-1.5183245678787916,-1.8214720695074038,-1.2151770662501793,True,Combined,Evening,GA minus Regularized Reference
Peak Queue,30,12.266666666666667,12.3,0.03333333333333333,-0.17430042485297376,0.2409670915196404,False,Combined,Evening,GA minus Regularized Reference
Final Backlog,30,2.3,1.2333333333333334,-1.0666666666666667,-1.4456113599591935,-0.6877219733741398,True,Combined,Evening,GA minus Regularized Reference
Mean Completed Wait,30,3.921838429114289,3.9952004432933066,0.07336201417901721,0.019244736079080574,0.12747929227895383,False,Combined,Evening,GA minus Demand Rule
P95 Completed Wait,30,8.961930390961559,7.757691538693833,-1.2042388522677265,-1.4939734430856584,-0.9145042614497947,True,Combined,Evening,GA minus Demand Rule
Peak Queue,30,11.033333333333333,12.3,1.2666666666666666,0.6954370561659992,1.8378962771673342,False,Combined,Evening,GA minus Demand Rule
Final Backlog,30,2.3,1.2333333333333334,-1.0666666666666667,-1.4456113599591935,-0.6877219733741398,True,Combined,Evening,GA minus Demand Rule
