Scenario,Period,Metric,N,Mean GA,Mean Reference,Mean Paired Diff (GA - Reference),CI Lower,CI Upper,Statistically Supported Improvement
High-Demand,Morning,Mean Completed Wait,30,3.4616888246056816,3.662654599657501,-0.2009657750518196,-0.23511259064290627,-0.1668189594607329,True
High-Demand,Morning,P95 Completed Wait,30,7.968049768057238,9.037873435388395,-1.0698236673311559,-1.1983867059388555,-0.9412606287234561,True
High-Demand,Morning,Peak Queue,30,22.1,23.366666666666667,-1.2666666666666666,-2.2711764814350106,-0.2621568518983224,True
High-Demand,Morning,Final Backlog,30,2.2666666666666666,2.8666666666666667,-0.6,-0.8875720514847973,-0.3124279485152026,True
High-Demand,Evening,Mean Completed Wait,30,3.464004954276931,3.641388511303725,-0.1773835570267938,-0.23386065953135293,-0.12090645452223465,True
High-Demand,Evening,P95 Completed Wait,30,7.073942521555728,7.832296188520287,-0.7583536669645575,-0.9066675001113809,-0.6100398338177342,True
High-Demand,Evening,Peak Queue,30,11.033333333333333,13.9,-2.8666666666666667,-3.476961771710353,-2.2563715616229802,True
High-Demand,Evening,Final Backlog,30,1.2333333333333334,4.266666666666667,-3.033333333333333,-3.8624198415772812,-2.204246825089385,True
Reduced-Service,Morning,Mean Completed Wait,30,3.889337630861746,4.85009428614605,-0.9607566552843039,-1.0393457524497267,-0.8821675581188809,True
Reduced-Service,Morning,P95 Completed Wait,30,8.325816300747256,14.386369136696066,-6.060552835948807,-6.405419697607492,-5.715685974290121,True
Reduced-Service,Morning,Peak Queue,30,18.066666666666666,24.5,-6.433333333333334,-7.78032286326031,-5.086343803406357,True
Reduced-Service,Morning,Final Backlog,30,2.1,2.1666666666666665,-0.06666666666666667,-0.16140283998979843,0.0280695066564651,False
Reduced-Service,Evening,Mean Completed Wait,30,3.9370980096513417,4.368342671655756,-0.43124466200441425,-0.5293877276762127,-0.3331015963326158,True
Reduced-Service,Evening,P95 Completed Wait,30,8.564738087973492,11.916590351615339,-3.351852263641846,-3.755354355043664,-2.9483501722400285,True
Reduced-Service,Evening,Peak Queue,30,8.766666666666667,10.266666666666667,-1.5,-2.102498441667178,-0.8975015583328216,True
Reduced-Service,Evening,Final Backlog,30,1.0666666666666667,3.2333333333333334,-2.1666666666666665,-2.7952028537005225,-1.5381304796328104,True
Combined,Morning,Mean Completed Wait,30,3.8713016761816865,4.817162180698991,-0.945860504517303,-1.0051571936262245,-0.8865638154083815,True
Combined,Morning,P95 Completed Wait,30,8.327079334828007,14.289872024765279,-5.962792689937275,-6.2725071671053305,-5.653078212769219,True
Combined,Morning,Peak Queue,30,24.666666666666668,32.9,-8.233333333333333,-9.967336221554977,-6.4993304451116884,True
Combined,Morning,Final Backlog,30,2.6666666666666665,2.8666666666666667,-0.2,-0.38081602120297253,-0.019183978797027462,True
Combined,Evening,Mean Completed Wait,30,3.938586169665552,4.331332043593548,-0.3927458739279961,-0.48115810423899386,-0.30433364361699833,True
Combined,Evening,P95 Completed Wait,30,9.160310631883354,11.755998323582158,-2.5956876916988025,-3.0188470299641703,-2.1725283534334348,True
Combined,Evening,Peak Queue,30,11.3,14.4,-3.1,-3.707267633031204,-2.492732366968796,True
Combined,Evening,Final Backlog,30,2.2333333333333334,4.266666666666667,-2.033333333333333,-2.583555146565033,-1.4831115201016334,True
