Scenario,Period,Metric,Replications,Mean,Standard Deviation,CI Lower,CI Upper,Half-Width,Required Half-Width,Precision Passed
High-Demand,Morning,Mean Completed Wait,30,3.476655470156447,0.08223062112349999,3.445950051599502,3.5073608887133925,0.030705418556945148,1.0,True
High-Demand,Morning,Peak Queue,30,21.866666666666667,2.4173700918393815,20.96400583955835,22.769327493774984,0.902660827108317,2.186666666666667,True
High-Demand,Evening,Mean Completed Wait,30,3.5001525510265963,0.10223310651911639,3.461978081672514,3.5383270203806787,0.038174469354082585,1.0,True
High-Demand,Evening,Peak Queue,30,11.2,2.023994002989616,10.444228218522085,11.955771781477914,0.755771781477915,1.1199999999999999,True
Reduced-Service,Morning,Mean Completed Wait,30,3.8977310170092396,0.13195591875838458,3.8484578671633054,3.947004166855174,0.049273149845934096,1.0,True
Reduced-Service,Morning,Peak Queue,30,18.566666666666666,2.2996751394765385,17.707953857036088,19.425379476297245,0.8587128096305792,1.8566666666666667,True
Reduced-Service,Evening,Mean Completed Wait,30,3.9677055946961604,0.1700614874329464,3.9042035916624878,4.031207597729833,0.0635020030336727,1.0,True
Reduced-Service,Evening,Peak Queue,30,8.833333333333334,1.2617266038997932,8.362196876526195,9.304469790140473,0.47113645680713934,1.0,True
Combined,Morning,Mean Completed Wait,30,4.010455687481994,0.08191802220097989,3.9798669952810624,4.041044379682926,0.030588692200932174,1.0,True
Combined,Morning,Peak Queue,30,24.366666666666667,2.311639712610843,23.50348621200405,25.229847121329286,0.8631804546626194,2.436666666666667,True
Combined,Evening,Mean Completed Wait,30,4.002511175408362,0.13032020154706744,3.9538488124071343,4.051173538409589,0.04866236300122743,1.0,True
Combined,Evening,Peak Queue,30,12.366666666666667,2.1088211011799003,11.579219926161118,13.154113407172217,0.7874467405055491,1.2366666666666668,True
