Scenario,Period,Replication,Seed,Stop Sequence,Mean Wait,P95 Wait,Peak Queue,Period-End Queue,Final Backlog
High-Demand,Morning,1,479243620,6,3.331719279384898,7.439955364851926,12,4,4
High-Demand,Morning,1,479243620,7,3.099979157411006,5.352648248304516,4,0,0
High-Demand,Morning,1,479243620,8,3.890257030373822,7.060882989615082,2,0,0
High-Demand,Morning,1,479243620,9,2.911758603603553,7.863353094039098,3,2,0
High-Demand,Morning,1,479243620,10,3.396796651346817,7.996683632775557,19,0,0
High-Demand,Morning,2,454024514,6,3.2980199076703536,7.912448685422177,8,1,1
High-Demand,Morning,2,454024514,7,3.9355178112973856,7.693171363719065,3,2,0
High-Demand,Morning,2,454024514,8,3.671738640729339,7.265388998641219,1,0,0
High-Demand,Morning,2,454024514,9,3.1051392682339327,6.6214231732412925,4,1,0
High-Demand,Morning,2,454024514,10,3.314281406853189,7.60103139919012,19,0,0
High-Demand,Morning,3,1818751028,6,3.408101022679924,7.279605428018954,9,1,1
High-Demand,Morning,3,1818751028,7,3.329327628497352,7.9868338742424925,3,0,0
High-Demand,Morning,3,1818751028,8,3.596821467922549,7.290129413922659,2,0,0
High-Demand,Morning,3,1818751028,9,3.3929531918634366,8.345964937150216,4,0,0
High-Demand,Morning,3,1818751028,10,3.504640658843101,8.422826535575211,26,1,0
High-Demand,Morning,4,2288458700,6,3.313243327396144,7.536368274830283,9,0,0
High-Demand,Morning,4,2288458700,7,2.81460208063311,5.724635972679223,3,0,0
High-Demand,Morning,4,2288458700,8,3.3315723528187724,5.940728589974331,2,1,0
High-Demand,Morning,4,2288458700,9,3.4556067853783503,7.191603336005154,3,0,0
High-Demand,Morning,4,2288458700,10,3.5150888773778166,8.027414870382799,22,1,0
High-Demand,Morning,5,2115331525,6,3.3222503262054963,8.02040243016053,10,2,2
High-Demand,Morning,5,2115331525,7,3.879766183227728,7.959243336239756,4,1,0
High-Demand,Morning,5,2115331525,8,3.8682530098656485,8.045686040663735,2,0,0
High-Demand,Morning,5,2115331525,9,3.6407067992563995,6.87522947285389,3,0,0
High-Demand,Morning,5,2115331525,10,3.3084787787595005,8.045973988190568,18,2,0
High-Demand,Morning,6,2666256175,6,3.5277313511231405,7.675870964463461,8,3,3
High-Demand,Morning,6,2666256175,7,3.383148461268782,7.062473506806003,2,0,0
High-Demand,Morning,6,2666256175,8,3.5720340103212305,7.490462776378944,2,0,0
High-Demand,Morning,6,2666256175,9,4.194498985969695,8.404740791299874,4,0,0
High-Demand,Morning,6,2666256175,10,3.4084687698754284,7.8644427705408475,21,1,0
High-Demand,Morning,7,975381835,6,3.18854792350835,7.343157697320946,10,3,3
High-Demand,Morning,7,975381835,7,3.577798339671254,8.012682129576456,3,0,0
High-Demand,Morning,7,975381835,8,3.754877441773247,7.428582130347626,2,0,0
High-Demand,Morning,7,975381835,9,4.104822349668465,8.218270212630582,4,1,0
High-Demand,Morning,7,975381835,10,3.4021867293970036,7.914142424124648,23,2,0
High-Demand,Morning,8,2535166222,6,3.6298907596485064,8.270455909297114,8,1,1
High-Demand,Morning,8,2535166222,7,3.440931306561517,8.020686196084768,5,0,0
High-Demand,Morning,8,2535166222,8,3.649227504111476,7.1119757432411905,2,0,0
High-Demand,Morning,8,2535166222,9,3.6929823064165577,7.83548323376186,3,1,0
High-Demand,Morning,8,2535166222,10,3.621887774230471,7.9385176351894415,25,0,0
High-Demand,Morning,9,1079577930,6,3.712797329406884,8.131566598911592,10,3,3
High-Demand,Morning,9,1079577930,7,4.017873280963596,8.022158690263808,4,1,0
High-Demand,Morning,9,1079577930,8,4.966002146114473,8.282752183113143,3,0,0
High-Demand,Morning,9,1079577930,9,3.648422700989978,7.950625040855215,4,0,0
High-Demand,Morning,9,1079577930,10,3.591272645826201,8.120812333142538,21,0,0
High-Demand,Morning,10,3715024065,6,3.293610472934557,8.316938411708202,11,2,2
High-Demand,Morning,10,3715024065,7,3.658556996447186,8.776326935652271,3,1,0
High-Demand,Morning,10,3715024065,8,3.4157863521548326,6.7750787312422736,3,0,0
High-Demand,Morning,10,3715024065,9,3.5145881641227574,7.891874891942165,3,0,0
High-Demand,Morning,10,3715024065,10,3.51357186480826,7.975553665213241,27,0,0
High-Demand,Morning,11,2056590929,6,3.479497348697328,7.93550261188635,14,1,1
High-Demand,Morning,11,2056590929,7,3.9396332925984763,7.393860196622022,3,1,0
High-Demand,Morning,11,2056590929,8,3.9358164273557263,9.414690266696448,2,0,0
High-Demand,Morning,11,2056590929,9,3.2542842784222414,6.283740126084807,3,0,0
High-Demand,Morning,11,2056590929,10,3.6803081686008614,7.907185939696674,23,0,0
High-Demand,Morning,12,3339987600,6,3.2686661393928103,7.829961710183611,8,1,1
High-Demand,Morning,12,3339987600,7,2.800174727721414,6.663580769864112,3,0,0
High-Demand,Morning,12,3339987600,8,3.4823148847721286,6.920952511235873,2,2,0
High-Demand,Morning,12,3339987600,9,3.4183779510097536,7.236352928372337,3,0,0
High-Demand,Morning,12,3339987600,10,3.5368330963813737,7.953084112426623,21,0,0
High-Demand,Morning,13,1788010607,6,3.457693484555487,7.881996973440274,7,1,1
High-Demand,Morning,13,1788010607,7,2.9959147141005436,6.79095941796533,4,1,0
High-Demand,Morning,13,1788010607,8,3.3677604459445916,7.279519760747029,2,1,0
High-Demand,Morning,13,1788010607,9,3.5284062494584574,6.457541603269063,3,0,0
High-Demand,Morning,13,1788010607,10,3.5113538197716476,8.092588713319088,23,0,0
High-Demand,Morning,14,2859898362,6,3.454980327060508,7.608230977659196,11,2,2
High-Demand,Morning,14,2859898362,7,3.6920351174538326,8.808488478366613,3,0,0
High-Demand,Morning,14,2859898362,8,3.422250943770467,7.691299930771491,2,0,0
High-Demand,Morning,14,2859898362,9,3.916281272335438,8.695137433850373,3,0,0
High-Demand,Morning,14,2859898362,10,3.470499295160251,8.053582430943806,23,1,0
High-Demand,Morning,15,1908601667,6,3.270158440718455,8.02947442173936,10,0,0
High-Demand,Morning,15,1908601667,7,2.8520360288694047,6.987435895426231,3,0,0
High-Demand,Morning,15,1908601667,8,3.2632667441615895,7.723911581707045,3,0,0
High-Demand,Morning,15,1908601667,9,3.991375499587491,8.165908044305858,4,0,0
High-Demand,Morning,15,1908601667,10,3.330857301858954,7.715568382155894,30,0,0
High-Demand,Morning,16,726301638,6,3.2692630580858038,7.136232740615707,9,1,1
High-Demand,Morning,16,726301638,7,2.9430885120163053,8.090362307698376,3,0,0
High-Demand,Morning,16,726301638,8,4.401693951570802,7.6650644102840255,3,0,0
High-Demand,Morning,16,726301638,9,3.8124365405478784,8.134091451911278,3,1,0
High-Demand,Morning,16,726301638,10,3.468639170143479,7.987680713499472,23,0,0
High-Demand,Morning,17,2584016318,6,3.373913256232952,7.565920526218542,10,1,1
High-Demand,Morning,17,2584016318,7,3.2804873440302513,6.577461715312083,3,0,0
High-Demand,Morning,17,2584016318,8,3.2899619669203597,6.353985420919775,2,0,0
High-Demand,Morning,17,2584016318,9,3.787926377252883,6.800863163454291,4,1,0
High-Demand,Morning,17,2584016318,10,3.446914790915915,7.991490213615279,23,1,0
High-Demand,Morning,18,4074852312,6,3.324594496862214,8.079991909646731,10,2,2
High-Demand,Morning,18,4074852312,7,3.666086147194784,8.56281287274412,3,0,0
High-Demand,Morning,18,4074852312,8,4.084899919086287,7.411199496742778,2,0,0
High-Demand,Morning,18,4074852312,9,3.540333866889229,7.131171630267516,4,0,0
High-Demand,Morning,18,4074852312,10,3.445052893463962,8.240551458585088,21,1,0
High-Demand,Morning,19,3205241267,6,3.1946886792527356,7.120689216124055,9,2,2
High-Demand,Morning,19,3205241267,7,2.9831491731519084,5.864116338304281,2,0,0
High-Demand,Morning,19,3205241267,8,4.152708582577986,8.057206406373302,2,0,0
High-Demand,Morning,19,3205241267,9,3.9180720255928945,8.240498455034864,3,1,0
High-Demand,Morning,19,3205241267,10,3.448078582774876,8.134043353138338,24,0,0
High-Demand,Morning,20,1304481603,6,3.594385203714306,8.269329093547423,9,1,1
High-Demand,Morning,20,1304481603,7,3.051324769698126,7.8247067388279605,3,0,0
High-Demand,Morning,20,1304481603,8,4.463074446966723,8.490094863216335,2,0,0
High-Demand,Morning,20,1304481603,9,3.432624162618569,7.678715770490475,3,0,0
High-Demand,Morning,20,1304481603,10,3.5380378403349226,7.959300298452348,20,1,0
High-Demand,Morning,21,2726751603,6,3.459336414659014,8.1517542272411,9,2,2
High-Demand,Morning,21,2726751603,7,2.955103921403679,6.591706672606231,3,1,0
High-Demand,Morning,21,2726751603,8,2.586305353308429,5.5411553111799545,2,0,0
High-Demand,Morning,21,2726751603,9,3.2410998147717662,7.294812106482211,4,1,0
High-Demand,Morning,21,2726751603,10,3.380500959526359,7.845541281745483,27,0,0
High-Demand,Morning,22,2114242019,6,3.3661498703972184,7.07485068581169,7,1,1
High-Demand,Morning,22,2114242019,7,3.093775665019043,7.888184807511036,3,0,0
High-Demand,Morning,22,2114242019,8,2.7451930648013825,6.294091634457504,2,0,0
High-Demand,Morning,22,2114242019,9,3.1053636022962836,6.660843143260593,4,0,0
High-Demand,Morning,22,2114242019,10,3.4180434676800027,7.915672495102086,21,1,0
High-Demand,Morning,23,1147627710,6,3.3100321451258936,7.8425120800516295,10,6,6
High-Demand,Morning,23,1147627710,7,2.837717986627678,6.536568882063534,3,0,0
High-Demand,Morning,23,1147627710,8,3.2035348415602662,5.693673049229574,2,1,0
High-Demand,Morning,23,1147627710,9,3.201284548530674,6.964822195723353,2,0,0
High-Demand,Morning,23,1147627710,10,3.406771376675265,7.8807900751230875,27,0,0
High-Demand,Morning,24,2483435858,6,3.388892090009975,7.93399428813483,10,2,2
High-Demand,Morning,24,2483435858,7,3.4694083965046123,6.449452580873497,2,1,0
High-Demand,Morning,24,2483435858,8,4.145095718868072,7.6316087252045675,3,1,0
High-Demand,Morning,24,2483435858,9,3.483791369459193,8.114007559778807,3,0,0
High-Demand,Morning,24,2483435858,10,3.5193372545205226,8.115907249867007,16,0,0
High-Demand,Morning,25,3210783261,6,3.5864599174555196,8.0106063375734,8,5,5
High-Demand,Morning,25,3210783261,7,2.906658455108777,5.871126087529135,3,0,0
High-Demand,Morning,25,3210783261,8,3.9104084152165965,7.010062769730801,2,0,0
High-Demand,Morning,25,3210783261,9,3.2228670142723272,7.263018431757276,3,0,0
High-Demand,Morning,25,3210783261,10,3.522087565158457,8.33385148387967,19,1,0
High-Demand,Morning,26,1843101495,6,3.5236599199233876,7.7598216737501176,8,2,2
High-Demand,Morning,26,1843101495,7,3.776162190843199,8.536550993887692,3,1,0
High-Demand,Morning,26,1843101495,8,3.4430464398046183,7.8055619663577875,2,1,0
High-Demand,Morning,26,1843101495,9,3.592628708005448,7.928907015741597,4,0,0
High-Demand,Morning,26,1843101495,10,3.661407649867029,8.315413344136743,21,4,0
High-Demand,Morning,27,1807795135,6,3.4693837835092936,7.520623820659257,8,2,2
High-Demand,Morning,27,1807795135,7,3.5868045867886207,8.192049270529406,4,0,0
High-Demand,Morning,27,1807795135,8,3.830308272056741,7.356509504221684,2,1,0
High-Demand,Morning,27,1807795135,9,3.590636014541829,8.562622601335429,5,0,0
High-Demand,Morning,27,1807795135,10,3.4829734347218846,8.363488970917814,19,1,0
High-Demand,Morning,28,650419918,6,3.6458108647009198,8.289682565873209,9,3,3
High-Demand,Morning,28,650419918,7,3.767806698441668,6.895451283890554,3,0,0
High-Demand,Morning,28,650419918,8,2.951610338477451,6.567109431894573,2,1,0
High-Demand,Morning,28,650419918,9,3.9372274752763814,6.722469866752567,2,0,0
High-Demand,Morning,28,650419918,10,3.5451260809173872,8.351612797396811,19,1,0
High-Demand,Morning,29,982532350,6,3.736970902984022,8.138951235610135,9,3,3
High-Demand,Morning,29,982532350,7,3.17647849207364,7.13705708201213,3,0,0
High-Demand,Morning,29,982532350,8,4.286469140560501,9.395609935444849,2,0,0
High-Demand,Morning,29,982532350,9,3.5870081108074032,7.455843665706817,3,1,0
High-Demand,Morning,29,982532350,10,3.477183774865575,7.901920220302529,21,0,0
High-Demand,Morning,30,1193431242,6,3.1759260372752407,6.937110789641342,10,10,10
High-Demand,Morning,30,1193431242,7,3.088402676976093,5.289459395228517,3,0,0
High-Demand,Morning,30,1193431242,8,4.391639641592008,7.367928924775151,2,0,0
High-Demand,Morning,30,1193431242,9,3.5327360077946905,7.090373310728979,4,0,0
High-Demand,Morning,30,1193431242,10,3.246792070987799,7.318274983840681,21,1,0
High-Demand,Evening,1,479243620,6,3.557879268266009,6.943660378388584,9,0,0
High-Demand,Evening,1,479243620,7,2.642325667232013,7.120422591205635,4,1,0
High-Demand,Evening,1,479243620,8,3.270834205407124,5.936334056109672,3,1,0
High-Demand,Evening,1,479243620,9,2.936448377191658,5.464494143780848,3,0,0
High-Demand,Evening,1,479243620,10,3.7615534382142775,7.538437871616746,10,1,0
High-Demand,Evening,2,454024514,6,3.2076293204565487,6.667154776950667,9,1,1
High-Demand,Evening,2,454024514,7,3.782108909550516,7.261714197612587,3,0,0
High-Demand,Evening,2,454024514,8,3.10421183756857,6.334773658997391,2,0,0
High-Demand,Evening,2,454024514,9,3.501149588937947,6.750498660914126,4,1,0
High-Demand,Evening,2,454024514,10,3.4394379687878827,7.341819626730295,11,0,0
High-Demand,Evening,3,1818751028,6,3.2335730477349562,6.526215837632092,9,0,0
High-Demand,Evening,3,1818751028,7,3.6163918379789743,6.621440298011758,3,1,0
High-Demand,Evening,3,1818751028,8,3.0883243442667956,6.7636044865240015,3,2,0
High-Demand,Evening,3,1818751028,9,4.46836230010212,10.415672348968332,4,0,0
High-Demand,Evening,3,1818751028,10,3.495292064665037,7.33480540133861,8,1,0
High-Demand,Evening,4,2288458700,6,3.2705140464278752,6.823412877538999,10,1,1
High-Demand,Evening,4,2288458700,7,3.4457657594310223,7.64562652178954,4,0,0
High-Demand,Evening,4,2288458700,8,3.836313365553708,7.348420796224286,3,0,0
High-Demand,Evening,4,2288458700,9,3.6531816138517192,7.252548781634708,2,0,0
High-Demand,Evening,4,2288458700,10,3.543100590112104,7.265382585132288,10,1,0
High-Demand,Evening,5,2115331525,6,3.0273418800834038,6.845124954857283,8,1,1
High-Demand,Evening,5,2115331525,7,3.6775038094438304,7.051210004825003,4,1,0
High-Demand,Evening,5,2115331525,8,3.4281568161002776,6.88843368681671,2,0,0
High-Demand,Evening,5,2115331525,9,3.3321802919618353,6.461338538333393,3,0,0
High-Demand,Evening,5,2115331525,10,4.022471608678269,7.80021102755403,9,1,0
High-Demand,Evening,6,2666256175,6,3.2239379978927625,6.59702711775594,7,0,0
High-Demand,Evening,6,2666256175,7,3.6458355491522525,6.45265717382129,3,0,0
High-Demand,Evening,6,2666256175,8,3.8780502168498794,6.946380904384363,2,1,0
High-Demand,Evening,6,2666256175,9,3.631116705801374,7.11424343275612,3,0,0
High-Demand,Evening,6,2666256175,10,3.8510054395926034,7.630258336916419,15,2,0
High-Demand,Evening,7,975381835,6,3.24932576746576,7.025559411500421,9,0,0
High-Demand,Evening,7,975381835,7,2.83376599849685,4.706478999350514,2,0,0
High-Demand,Evening,7,975381835,8,3.954307724051811,6.527031150790093,3,0,0
High-Demand,Evening,7,975381835,9,3.3122413083760223,7.271567953779913,3,1,0
High-Demand,Evening,7,975381835,10,4.080985503706153,11.564601058325746,11,0,0
High-Demand,Evening,8,2535166222,6,3.182114432649046,6.689900127763963,9,1,1
High-Demand,Evening,8,2535166222,7,3.887013349359125,7.335423295717231,3,1,0
High-Demand,Evening,8,2535166222,8,3.519830118648778,7.006365724580211,2,0,0
High-Demand,Evening,8,2535166222,9,4.065295427783212,7.473238519226902,3,0,0
High-Demand,Evening,8,2535166222,10,3.3809622945342084,7.218814508475729,12,0,0
High-Demand,Evening,9,1079577930,6,3.5940898619402906,6.679140824416049,10,2,2
High-Demand,Evening,9,1079577930,7,3.566135586277105,6.454955028180961,4,0,0
High-Demand,Evening,9,1079577930,8,3.3317084961183725,7.018332183663404,2,0,0
High-Demand,Evening,9,1079577930,9,3.893889830919124,7.253404736385664,3,0,0
High-Demand,Evening,9,1079577930,10,3.407809416796664,6.777292972039407,10,2,0
High-Demand,Evening,10,3715024065,6,3.2698609357889725,6.763160390841023,10,1,1
High-Demand,Evening,10,3715024065,7,3.617353582884984,7.222796267522607,4,0,0
High-Demand,Evening,10,3715024065,8,4.064349139381681,6.798068880589687,3,0,0
High-Demand,Evening,10,3715024065,9,3.3467210488714105,6.458320106793553,3,0,0
High-Demand,Evening,10,3715024065,10,3.561183712385172,6.727294017247919,10,0,0
High-Demand,Evening,11,2056590929,6,3.176106258183495,6.089250109016405,9,1,1
High-Demand,Evening,11,2056590929,7,3.4776310852070003,6.7947457580277275,3,0,0
High-Demand,Evening,11,2056590929,8,3.3151944831115583,7.055966054668738,3,0,0
High-Demand,Evening,11,2056590929,9,3.561316196559129,7.579579363830634,2,2,0
High-Demand,Evening,11,2056590929,10,3.604451714495933,8.460539637597662,8,2,0
High-Demand,Evening,12,3339987600,6,2.9811403014506754,6.819262645552396,10,3,3
High-Demand,Evening,12,3339987600,7,3.3467334269950015,7.194954529903168,3,0,0
High-Demand,Evening,12,3339987600,8,4.119207982556553,6.821404897112244,2,1,0
High-Demand,Evening,12,3339987600,9,3.7260535103299652,6.704019941403566,4,1,0
High-Demand,Evening,12,3339987600,10,3.7710751465400336,9.231693625323652,12,0,0
High-Demand,Evening,13,1788010607,6,3.3308844111464957,6.41163537997728,10,3,3
High-Demand,Evening,13,1788010607,7,3.044594258058794,5.345807654895248,2,0,0
High-Demand,Evening,13,1788010607,8,3.546964873630141,5.596639226043294,2,0,0
High-Demand,Evening,13,1788010607,9,2.877636045112905,7.136096071433076,3,0,0
High-Demand,Evening,13,1788010607,10,4.027096129676862,11.534879835473081,16,0,0
High-Demand,Evening,14,2859898362,6,3.569845930888564,6.955420558853821,9,2,2
High-Demand,Evening,14,2859898362,7,3.4686845455305053,6.931760562558707,2,0,0
High-Demand,Evening,14,2859898362,8,2.5686570275944445,6.120573912234465,3,0,0
High-Demand,Evening,14,2859898362,9,3.7483331737529637,7.191377268857922,3,0,0
High-Demand,Evening,14,2859898362,10,3.835154347115621,7.393244902608244,12,0,0
High-Demand,Evening,15,1908601667,6,3.2807967985954383,6.931342453341346,8,3,3
High-Demand,Evening,15,1908601667,7,3.7821950455897473,6.3326143554907155,4,0,0
High-Demand,Evening,15,1908601667,8,3.626784773169776,6.630367400738077,2,2,0
High-Demand,Evening,15,1908601667,9,3.293270481517783,6.746155703141767,3,0,0
High-Demand,Evening,15,1908601667,10,3.6855654710471755,7.374315975710635,7,1,0
High-Demand,Evening,16,726301638,6,3.2998390702874154,6.552052542198156,9,2,2
High-Demand,Evening,16,726301638,7,3.5461562727041747,6.458197311441171,4,0,0
High-Demand,Evening,16,726301638,8,2.90167258657865,6.125488565644764,4,0,0
High-Demand,Evening,16,726301638,9,3.6008714171654184,7.115561999754595,3,1,0
High-Demand,Evening,16,726301638,10,3.8186879453098923,8.053703757093668,12,0,0
High-Demand,Evening,17,2584016318,6,3.3158368895351766,6.265655103443237,8,1,1
High-Demand,Evening,17,2584016318,7,3.5193330114308514,6.49816984047199,3,1,0
High-Demand,Evening,17,2584016318,8,3.4362869684943553,7.693488968153371,4,2,0
High-Demand,Evening,17,2584016318,9,3.1959949926783002,6.403072462031241,3,0,0
High-Demand,Evening,17,2584016318,10,3.9149322074397324,9.79012431342857,13,0,0
High-Demand,Evening,18,4074852312,6,3.4114782462094273,6.85878330111737,9,1,1
High-Demand,Evening,18,4074852312,7,3.574453148114892,5.712420851838681,2,0,0
High-Demand,Evening,18,4074852312,8,2.6340633559056084,6.783407140324163,3,1,0
High-Demand,Evening,18,4074852312,9,3.7832347467816003,6.982536927612681,3,0,0
High-Demand,Evening,18,4074852312,10,4.259370875336239,9.20577392385262,14,0,0
High-Demand,Evening,19,3205241267,6,3.5639227754953082,6.955259401659987,8,1,1
High-Demand,Evening,19,3205241267,7,3.603871169360125,7.273421504510486,3,0,0
High-Demand,Evening,19,3205241267,8,2.9373360858881505,5.772730836502967,3,0,0
High-Demand,Evening,19,3205241267,9,3.9743926007260364,10.460221790168474,4,0,0
High-Demand,Evening,19,3205241267,10,3.746391434951629,8.161671867889481,10,1,0
High-Demand,Evening,20,1304481603,6,3.4359833658249754,6.596791685903099,8,1,1
High-Demand,Evening,20,1304481603,7,3.0488852184852004,5.27394403457447,3,1,0
High-Demand,Evening,20,1304481603,8,4.275312749130506,8.321779624793113,3,0,0
High-Demand,Evening,20,1304481603,9,3.808805435431585,8.59883408836044,6,0,0
High-Demand,Evening,20,1304481603,10,3.6278985898507625,10.180158324903326,11,0,0
High-Demand,Evening,21,2726751603,6,3.1053816150439273,6.565396126703535,9,2,2
High-Demand,Evening,21,2726751603,7,3.3407230374175105,6.057071906355928,4,1,0
High-Demand,Evening,21,2726751603,8,3.1403874740405406,6.079480925187408,2,0,0
High-Demand,Evening,21,2726751603,9,3.8843285783816968,6.962522010047859,3,0,0
High-Demand,Evening,21,2726751603,10,3.4375350962524984,9.676466750641588,11,0,0
High-Demand,Evening,22,2114242019,6,3.395945618388953,7.004327560652399,11,1,1
High-Demand,Evening,22,2114242019,7,2.5751219495278854,6.50939933350662,4,0,0
High-Demand,Evening,22,2114242019,8,2.9864246343890617,6.2189404872786325,3,0,0
High-Demand,Evening,22,2114242019,9,2.9310603614968715,6.130222743303556,3,0,0
High-Demand,Evening,22,2114242019,10,3.4239610109306975,7.032007964119111,8,1,0
High-Demand,Evening,23,1147627710,6,3.2423519461232244,6.529702003126088,9,0,0
High-Demand,Evening,23,1147627710,7,2.7008407394711265,5.406110527248523,3,0,0
High-Demand,Evening,23,1147627710,8,4.239943930273221,7.782334700173907,3,0,0
High-Demand,Evening,23,1147627710,9,3.029667435092492,6.772592344086616,3,0,0
High-Demand,Evening,23,1147627710,10,3.7764314284105125,7.608786767172778,11,0,0
High-Demand,Evening,24,2483435858,6,3.246107974600231,6.89888223343803,10,1,1
High-Demand,Evening,24,2483435858,7,3.341516985820635,6.812424785136699,3,1,0
High-Demand,Evening,24,2483435858,8,3.350359224020074,7.027420975268637,2,1,0
High-Demand,Evening,24,2483435858,9,3.8802713943760194,6.707740009001919,3,1,0
High-Demand,Evening,24,2483435858,10,3.954461044299085,7.887357069279892,10,1,0
High-Demand,Evening,25,3210783261,6,3.4970074153380564,6.84341944554161,9,3,3
High-Demand,Evening,25,3210783261,7,3.821807853798321,7.534206109177624,3,0,0
High-Demand,Evening,25,3210783261,8,3.089499364184681,5.630815544436779,3,0,0
High-Demand,Evening,25,3210783261,9,3.3466404715683797,5.916657287789257,3,0,0
High-Demand,Evening,25,3210783261,10,3.4655137431912246,7.471593225091362,10,0,0
High-Demand,Evening,26,1843101495,6,3.1992056819904007,6.485045107458789,8,0,0
High-Demand,Evening,26,1843101495,7,3.2035763190739197,5.786502271896495,3,1,0
High-Demand,Evening,26,1843101495,8,3.3806362266712235,6.968714850336436,2,0,0
High-Demand,Evening,26,1843101495,9,2.8107978535909326,5.811678132683412,2,0,0
High-Demand,Evening,26,1843101495,10,3.5837958145422033,6.924490933432678,10,0,0
High-Demand,Evening,27,1807795135,6,3.182188216889614,7.013244665957529,8,1,1
High-Demand,Evening,27,1807795135,7,3.3258673187077443,7.37149531290598,2,0,0
High-Demand,Evening,27,1807795135,8,2.7332308513960775,7.466106303276966,2,0,0
High-Demand,Evening,27,1807795135,9,3.646662115801725,6.673881588284621,3,1,0
High-Demand,Evening,27,1807795135,10,3.583018634032756,8.376653132665739,10,0,0
High-Demand,Evening,28,650419918,6,3.4295259319683873,6.639327201309082,9,2,2
High-Demand,Evening,28,650419918,7,3.3087194441121954,6.553341258515775,2,0,0
High-Demand,Evening,28,650419918,8,4.280799854084059,7.588204842714424,3,1,0
High-Demand,Evening,28,650419918,9,3.96423970576865,7.207524782429505,3,1,0
High-Demand,Evening,28,650419918,10,3.6012553272150294,7.461523651949828,8,0,0
High-Demand,Evening,29,982532350,6,3.270291249584057,6.50195026907528,10,1,1
High-Demand,Evening,29,982532350,7,2.761834261293911,5.75115183739731,3,1,0
High-Demand,Evening,29,982532350,8,3.393811530920314,6.927585327537337,3,0,0
High-Demand,Evening,29,982532350,9,4.134335347304579,8.514136250618293,4,0,0
High-Demand,Evening,29,982532350,10,3.9590582027959433,8.305110711765385,15,0,0
High-Demand,Evening,30,1193431242,6,3.3608380152899198,7.1029600874626055,10,1,1
High-Demand,Evening,30,1193431242,7,2.503092531629871,5.706301687574233,3,0,0
High-Demand,Evening,30,1193431242,8,3.4845562659172713,7.331024034244103,3,1,0
High-Demand,Evening,30,1193431242,9,3.504376787989255,6.323357820542242,4,1,0
High-Demand,Evening,30,1193431242,10,3.68017190529175,6.823317190575761,10,1,0
Reduced-Service,Morning,1,479243620,6,3.5595843340932816,7.474941053347833,8,3,3
Reduced-Service,Morning,1,479243620,7,3.9192448906765143,11.533344046913053,5,1,0
Reduced-Service,Morning,1,479243620,8,3.0549435496826924,6.0992401881454255,2,0,0
Reduced-Service,Morning,1,479243620,9,3.6873193462662535,7.175750314350318,2,1,0
Reduced-Service,Morning,1,479243620,10,3.8010724598056376,7.892717525106142,17,2,0
Reduced-Service,Morning,2,454024514,6,4.070852396959997,9.402723575915587,8,0,0
Reduced-Service,Morning,2,454024514,7,4.183436763521906,7.152745090515417,2,1,0
Reduced-Service,Morning,2,454024514,8,4.71116252446912,8.95222053446327,1,0,0
Reduced-Service,Morning,2,454024514,9,3.420947876185833,7.004908088233468,4,1,0
Reduced-Service,Morning,2,454024514,10,3.9380704002819806,8.525516857920723,19,2,0
Reduced-Service,Morning,3,1818751028,6,3.808492505817636,8.706942837031463,7,1,1
Reduced-Service,Morning,3,1818751028,7,3.3377962323540595,6.628240804995607,2,0,0
Reduced-Service,Morning,3,1818751028,8,4.7795530720823125,7.816077214518098,1,0,0
Reduced-Service,Morning,3,1818751028,9,3.4963623322441126,8.725963084144354,3,0,0
Reduced-Service,Morning,3,1818751028,10,3.8038674189701194,8.431644971888055,19,1,0
Reduced-Service,Morning,4,2288458700,6,3.961338589566357,8.947739610578935,9,0,0
Reduced-Service,Morning,4,2288458700,7,3.2460538731492203,7.235675384030275,2,0,0
Reduced-Service,Morning,4,2288458700,8,3.4621091335664005,5.868407958812598,2,1,0
Reduced-Service,Morning,4,2288458700,9,4.105864520207394,8.052442608981414,2,0,0
Reduced-Service,Morning,4,2288458700,10,3.827280407992064,8.51117799474299,19,2,0
Reduced-Service,Morning,5,2115331525,6,3.7209155141864136,8.164250336371657,7,2,2
Reduced-Service,Morning,5,2115331525,7,4.058447305273808,7.733869017066352,4,1,0
Reduced-Service,Morning,5,2115331525,8,4.475309120225815,8.283563880928988,1,0,0
Reduced-Service,Morning,5,2115331525,9,3.7756630387513983,8.95740739698421,2,1,0
Reduced-Service,Morning,5,2115331525,10,3.9758678821909132,8.502898679487663,16,3,0
Reduced-Service,Morning,6,2666256175,6,3.6019554613607045,7.626357629700646,7,3,3
Reduced-Service,Morning,6,2666256175,7,4.011210126852681,7.063813715852996,3,0,0
Reduced-Service,Morning,6,2666256175,8,3.343235546285633,6.154084003462298,2,0,0
Reduced-Service,Morning,6,2666256175,9,3.9562374423748645,7.659491339794067,3,0,0
Reduced-Service,Morning,6,2666256175,10,4.062026941099107,8.544640400692032,18,1,0
Reduced-Service,Morning,7,975381835,6,4.092854591243363,8.16757667112674,8,3,3
Reduced-Service,Morning,7,975381835,7,4.3372099690852846,8.419740685603385,2,0,0
Reduced-Service,Morning,7,975381835,8,3.8951817622333746,7.226894822740547,2,0,0
Reduced-Service,Morning,7,975381835,9,4.650971626228068,8.780412690507966,4,0,0
Reduced-Service,Morning,7,975381835,10,3.8651919359228506,7.918601875355567,24,2,0
Reduced-Service,Morning,8,2535166222,6,3.6215292349146586,7.944875578001328,7,1,1
Reduced-Service,Morning,8,2535166222,7,3.173342925498352,7.726805927160714,3,0,0
Reduced-Service,Morning,8,2535166222,8,4.192314184090422,8.731131730829429,2,0,0
Reduced-Service,Morning,8,2535166222,9,4.2148475511895676,7.682246483869664,3,0,0
Reduced-Service,Morning,8,2535166222,10,3.9677343731518224,8.265961994386371,18,0,0
Reduced-Service,Morning,9,1079577930,6,4.300688543789857,9.620081709432856,7,2,2
Reduced-Service,Morning,9,1079577930,7,4.804283638122187,11.02244302864237,3,0,0
Reduced-Service,Morning,9,1079577930,8,4.597215709995164,8.887201435206132,2,0,0
Reduced-Service,Morning,9,1079577930,9,3.7657804860878707,7.0317537844700375,4,0,0
Reduced-Service,Morning,9,1079577930,10,4.099428602535273,9.187343488107079,18,0,0
Reduced-Service,Morning,10,3715024065,6,3.7510916883100647,8.539782147327559,7,3,3
Reduced-Service,Morning,10,3715024065,7,4.091807681040447,8.607695912054417,2,0,0
Reduced-Service,Morning,10,3715024065,8,2.9036473924676374,6.262470672598008,2,0,0
Reduced-Service,Morning,10,3715024065,9,4.240092534805967,8.191075925796895,3,0,0
Reduced-Service,Morning,10,3715024065,10,3.860379205973759,8.35900240557663,19,2,0
Reduced-Service,Morning,11,2056590929,6,3.8547657884925,8.319858925346647,9,2,2
Reduced-Service,Morning,11,2056590929,7,3.5388471422126773,7.417883578919626,2,1,0
Reduced-Service,Morning,11,2056590929,8,5.19283778788266,7.580453466027142,2,0,0
Reduced-Service,Morning,11,2056590929,9,3.2838235432239573,6.957760872297771,3,0,0
Reduced-Service,Morning,11,2056590929,10,3.9692223953986505,8.104345473173401,17,0,0
Reduced-Service,Morning,12,3339987600,6,4.054890220648649,8.363646335201306,8,2,2
Reduced-Service,Morning,12,3339987600,7,3.7081794598218716,7.123717552982156,2,1,0
Reduced-Service,Morning,12,3339987600,8,2.9928525050958377,6.9334986436148025,2,1,0
Reduced-Service,Morning,12,3339987600,9,3.6444770701285987,5.771396763049641,4,0,0
Reduced-Service,Morning,12,3339987600,10,3.9466018392839146,8.6313629980276,18,2,0
Reduced-Service,Morning,13,1788010607,6,4.2105120016459825,10.068748496793578,6,2,2
Reduced-Service,Morning,13,1788010607,7,3.311411594202273,8.280023288711567,3,0,0
Reduced-Service,Morning,13,1788010607,8,3.6490994486197357,6.010675825656721,1,1,0
Reduced-Service,Morning,13,1788010607,9,4.246913212976639,8.686546690533028,2,1,0
Reduced-Service,Morning,13,1788010607,10,4.013600668319316,8.38929974263942,17,3,0
Reduced-Service,Morning,14,2859898362,6,3.862438816873747,7.939685209499305,7,2,2
Reduced-Service,Morning,14,2859898362,7,2.849538898310527,6.277009282736213,2,0,0
Reduced-Service,Morning,14,2859898362,8,4.028874493319686,8.933761206004187,2,1,0
Reduced-Service,Morning,14,2859898362,9,4.3864292799727505,9.150185661329907,2,0,0
Reduced-Service,Morning,14,2859898362,10,3.6007454684261275,8.091831240527796,18,1,0
Reduced-Service,Morning,15,1908601667,6,4.082767422021667,8.42618768832251,8,1,1
Reduced-Service,Morning,15,1908601667,7,3.41712957269903,6.520893590349169,2,0,0
Reduced-Service,Morning,15,1908601667,8,4.166238008122859,8.143552002416675,2,0,0
Reduced-Service,Morning,15,1908601667,9,4.383593321800967,9.549672522045602,2,0,0
Reduced-Service,Morning,15,1908601667,10,3.7104128692966167,8.5101378266342,25,2,0
Reduced-Service,Morning,16,726301638,6,3.7805771607905596,7.183348717135368,7,1,1
Reduced-Service,Morning,16,726301638,7,3.6739508377088343,6.303566079673157,3,0,0
Reduced-Service,Morning,16,726301638,8,4.268129223624437,7.2476749756736325,2,0,0
Reduced-Service,Morning,16,726301638,9,3.906255575954829,7.297008913483794,4,1,0
Reduced-Service,Morning,16,726301638,10,4.022075557136724,9.107991895608302,17,2,0
Reduced-Service,Morning,17,2584016318,6,3.583444417441851,8.153553669171913,9,2,2
Reduced-Service,Morning,17,2584016318,7,3.813915149433784,10.5315007088296,2,1,0
Reduced-Service,Morning,17,2584016318,8,3.509253678197848,8.890661249990984,2,0,0
Reduced-Service,Morning,17,2584016318,9,3.604159172629875,6.533396741200931,3,0,0
Reduced-Service,Morning,17,2584016318,10,3.60672231271309,7.569615528362397,17,2,0
Reduced-Service,Morning,18,4074852312,6,3.6572129710438777,8.105329074100549,7,2,2
Reduced-Service,Morning,18,4074852312,7,3.860331773308911,10.321532984753205,2,1,0
Reduced-Service,Morning,18,4074852312,8,4.252266181225934,7.6952099095193125,2,0,0
Reduced-Service,Morning,18,4074852312,9,3.882194563862442,7.743501371665001,3,0,0
Reduced-Service,Morning,18,4074852312,10,3.9200930337307573,8.605872485785317,18,2,0
Reduced-Service,Morning,19,3205241267,6,3.988780327420818,9.225998649026824,6,1,1
Reduced-Service,Morning,19,3205241267,7,3.327112569747486,6.233522193520815,3,0,0
Reduced-Service,Morning,19,3205241267,8,4.699050764565829,9.674743685417269,2,0,0
Reduced-Service,Morning,19,3205241267,9,4.178020644099633,8.473756948354831,3,1,0
Reduced-Service,Morning,19,3205241267,10,3.7987371810210124,7.951902554295455,18,0,0
Reduced-Service,Morning,20,1304481603,6,3.7540717294145844,8.30375354485743,7,1,1
Reduced-Service,Morning,20,1304481603,7,3.9911798370241995,8.02223649467901,3,0,0
Reduced-Service,Morning,20,1304481603,8,4.22249395596333,8.08204058838271,2,0,0
Reduced-Service,Morning,20,1304481603,9,4.529873435572105,8.781030185095002,3,0,0
Reduced-Service,Morning,20,1304481603,10,3.991940574974412,8.187198551108244,16,1,0
Reduced-Service,Morning,21,2726751603,6,4.056939738547733,8.560799438152525,7,1,1
Reduced-Service,Morning,21,2726751603,7,3.7907842347258462,6.541821932754527,3,1,0
Reduced-Service,Morning,21,2726751603,8,4.2924396864825844,8.940097443075086,2,0,0
Reduced-Service,Morning,21,2726751603,9,3.7953521922477447,7.810344157485538,2,1,0
Reduced-Service,Morning,21,2726751603,10,3.765347240152242,8.10802134075103,18,0,0
Reduced-Service,Morning,22,2114242019,6,3.8171746905757566,8.23908189800352,8,1,1
Reduced-Service,Morning,22,2114242019,7,4.220142906491437,8.220819090210624,2,0,0
Reduced-Service,Morning,22,2114242019,8,3.466369865801867,5.83996741938414,2,0,0
Reduced-Service,Morning,22,2114242019,9,4.346752180789179,7.706785242089427,3,1,0
Reduced-Service,Morning,22,2114242019,10,4.137091255756275,8.014517355721877,17,1,0
Reduced-Service,Morning,23,1147627710,6,3.6945235835331403,8.906076190874497,8,4,4
Reduced-Service,Morning,23,1147627710,7,3.9797525017703763,7.364574692185708,3,0,0
Reduced-Service,Morning,23,1147627710,8,2.9926632070935066,6.030651510075381,2,1,0
Reduced-Service,Morning,23,1147627710,9,3.6681083258818368,10.185341745989527,2,0,0
Reduced-Service,Morning,23,1147627710,10,3.8708519593612456,8.295793129819339,18,1,0
Reduced-Service,Morning,24,2483435858,6,3.5772248991213975,7.037411627359051,8,2,2
Reduced-Service,Morning,24,2483435858,7,4.759457819370596,8.96578521758416,2,1,0
Reduced-Service,Morning,24,2483435858,8,3.463472702070205,7.70757707820229,2,1,0
Reduced-Service,Morning,24,2483435858,9,3.7256616824903914,7.891375119256814,3,0,0
Reduced-Service,Morning,24,2483435858,10,3.8299530710418,8.30572637676167,14,1,0
Reduced-Service,Morning,25,3210783261,6,3.8972938218314646,8.754091155532516,8,4,4
Reduced-Service,Morning,25,3210783261,7,3.4981755640866465,7.089784246959595,3,0,0
Reduced-Service,Morning,25,3210783261,8,3.6868631219475456,7.703653983866337,2,0,0
Reduced-Service,Morning,25,3210783261,9,3.8930661719413138,7.916280567573607,4,1,0
Reduced-Service,Morning,25,3210783261,10,3.9828622453940126,8.452719651405383,19,2,0
Reduced-Service,Morning,26,1843101495,6,3.6566401425808537,9.152665861581005,8,2,2
Reduced-Service,Morning,26,1843101495,7,4.52940227546406,8.5257938082218,3,1,0
Reduced-Service,Morning,26,1843101495,8,4.05084639141025,7.519431578740498,2,1,0
Reduced-Service,Morning,26,1843101495,9,4.835523609492431,8.716920395447481,3,0,0
Reduced-Service,Morning,26,1843101495,10,3.9756279723345234,8.326024710535215,19,3,0
Reduced-Service,Morning,27,1807795135,6,3.7514653401962406,8.504505134720409,6,1,1
Reduced-Service,Morning,27,1807795135,7,3.349941910590118,8.048839281681671,3,0,0
Reduced-Service,Morning,27,1807795135,8,3.4847486065129547,6.24089115134129,2,0,0
Reduced-Service,Morning,27,1807795135,9,3.3981747940561053,8.199745058113114,5,0,0
Reduced-Service,Morning,27,1807795135,10,3.9387768868955817,9.112552730277063,18,0,0
Reduced-Service,Morning,28,650419918,6,4.023470775205358,8.637978796789747,7,3,3
Reduced-Service,Morning,28,650419918,7,3.1963350291174244,6.360788456702198,3,0,0
Reduced-Service,Morning,28,650419918,8,4.124889518188761,6.572413264548049,2,0,0
Reduced-Service,Morning,28,650419918,9,3.9638022766644,7.922509431148342,2,0,0
Reduced-Service,Morning,28,650419918,10,4.030729422480132,8.089873653210587,17,2,0
Reduced-Service,Morning,29,982532350,6,3.7863041459066604,7.658131037499259,6,2,2
Reduced-Service,Morning,29,982532350,7,3.4661025757894457,6.77146574894209,2,0,0
Reduced-Service,Morning,29,982532350,8,3.9982887900973503,7.545872000011814,2,0,0
Reduced-Service,Morning,29,982532350,9,3.7524380142040035,7.201466437635769,3,1,0
Reduced-Service,Morning,29,982532350,10,3.864474033498643,8.35245388960406,18,3,0
Reduced-Service,Morning,30,1193431242,6,3.9678698690713343,7.477857692915436,9,9,9
Reduced-Service,Morning,30,1193431242,7,3.360019980082741,7.78926781733994,2,0,0
Reduced-Service,Morning,30,1193431242,8,4.555704447492106,7.868360141145331,2,0,0
Reduced-Service,Morning,30,1193431242,9,3.815968947540929,7.598493592010322,3,0,0
Reduced-Service,Morning,30,1193431242,10,3.94075145003275,8.094302965385838,16,1,0
Reduced-Service,Evening,1,479243620,6,3.59232336446475,8.116645441234311,7,0,0
Reduced-Service,Evening,1,479243620,7,3.98370237479516,7.299387822898552,2,0,0
Reduced-Service,Evening,1,479243620,8,3.8806171485410794,7.345572529351805,3,0,0
Reduced-Service,Evening,1,479243620,9,4.119886565495425,8.212360013297802,2,0,0
Reduced-Service,Evening,1,479243620,10,4.337555493616365,9.732674158979535,7,1,0
Reduced-Service,Evening,2,454024514,6,4.12642401905115,7.97569701690852,6,1,1
Reduced-Service,Evening,2,454024514,7,3.035699246186547,6.463975982807824,2,0,0
Reduced-Service,Evening,2,454024514,8,3.8066081711661917,8.536707557604993,2,0,0
Reduced-Service,Evening,2,454024514,9,3.0938269893053225,5.737216236394437,3,1,0
Reduced-Service,Evening,2,454024514,10,3.8246836765782057,8.803969297733772,8,0,0
Reduced-Service,Evening,3,1818751028,6,3.27313868499979,7.096890629314828,9,0,0
Reduced-Service,Evening,3,1818751028,7,3.4191045688293493,6.561228668316744,3,0,0
Reduced-Service,Evening,3,1818751028,8,3.479329060339063,5.472265134072096,2,1,0
Reduced-Service,Evening,3,1818751028,9,3.7775633117418863,9.28891848320345,3,0,0
Reduced-Service,Evening,3,1818751028,10,3.9733979643892,8.41244119368605,5,2,0
Reduced-Service,Evening,4,2288458700,6,3.6080945993520492,8.078630662953605,7,1,1
Reduced-Service,Evening,4,2288458700,7,4.046822214125503,9.242051591200607,2,0,0
Reduced-Service,Evening,4,2288458700,8,4.6515841200635375,8.080071221873434,2,0,0
Reduced-Service,Evening,4,2288458700,9,3.7683852474786192,7.920489719698155,2,0,0
Reduced-Service,Evening,4,2288458700,10,3.5442908137937987,8.178598851123041,6,0,0
Reduced-Service,Evening,5,2115331525,6,3.7164344644612575,7.891425660421703,9,0,0
Reduced-Service,Evening,5,2115331525,7,3.7618946581848585,7.661509310976726,3,0,0
Reduced-Service,Evening,5,2115331525,8,3.963913362503478,7.586548453621444,2,0,0
Reduced-Service,Evening,5,2115331525,9,4.4068638485364175,7.20506566442848,2,0,0
Reduced-Service,Evening,5,2115331525,10,4.005942956492487,8.480192474689915,6,0,0
Reduced-Service,Evening,6,2666256175,6,3.2500240574640507,8.443197185228684,7,0,0
Reduced-Service,Evening,6,2666256175,7,4.519873105596665,6.9549480820717235,3,0,0
Reduced-Service,Evening,6,2666256175,8,3.60586416276114,7.779409541716824,2,1,0
Reduced-Service,Evening,6,2666256175,9,4.554350180654676,9.183152483876734,3,1,0
Reduced-Service,Evening,6,2666256175,10,3.743202342936138,9.274935475146265,11,2,0
Reduced-Service,Evening,7,975381835,6,3.3767343155322926,7.253452655270223,7,0,0
Reduced-Service,Evening,7,975381835,7,3.2363807822483968,7.668373707640171,3,0,0
Reduced-Service,Evening,7,975381835,8,3.3403461540542176,6.370885132003421,3,0,0
Reduced-Service,Evening,7,975381835,9,3.834219789151097,7.317399975097458,3,1,0
Reduced-Service,Evening,7,975381835,10,4.0740052693896835,11.282611919319237,8,1,0
Reduced-Service,Evening,8,2535166222,6,3.774558850775428,8.039357790266738,6,1,1
Reduced-Service,Evening,8,2535166222,7,3.4184341500763855,5.953901593677756,4,0,0
Reduced-Service,Evening,8,2535166222,8,3.6782792463625955,7.441360814055815,2,0,0
Reduced-Service,Evening,8,2535166222,9,4.530848257459927,8.388647682233753,3,0,0
Reduced-Service,Evening,8,2535166222,10,4.1665186733897785,8.315305701453667,8,0,0
Reduced-Service,Evening,9,1079577930,6,3.730195882921631,8.226334264178224,6,3,3
Reduced-Service,Evening,9,1079577930,7,3.653536518025308,7.22768544884093,4,0,0
Reduced-Service,Evening,9,1079577930,8,4.529515528082829,8.685868754786677,2,0,0
Reduced-Service,Evening,9,1079577930,9,3.9913780103953465,7.660399398601624,3,0,0
Reduced-Service,Evening,9,1079577930,10,3.9308657513334424,8.9493478415651,8,2,0
Reduced-Service,Evening,10,3715024065,6,3.7598694316184247,8.222242394594923,6,1,1
Reduced-Service,Evening,10,3715024065,7,5.16440360604169,8.938901232372245,4,0,0
Reduced-Service,Evening,10,3715024065,8,4.580513452269597,8.673807852776552,2,0,0
Reduced-Service,Evening,10,3715024065,9,4.670836042904559,8.31216606374272,2,0,0
Reduced-Service,Evening,10,3715024065,10,3.9933861723455193,8.362166603236602,6,1,0
Reduced-Service,Evening,11,2056590929,6,3.6223459180501414,7.071020861534566,8,1,1
Reduced-Service,Evening,11,2056590929,7,4.754782037050187,8.452990242212195,3,0,0
Reduced-Service,Evening,11,2056590929,8,2.708372295785017,6.637199120942247,2,0,0
Reduced-Service,Evening,11,2056590929,9,4.239847619306626,9.248966487622178,2,1,0
Reduced-Service,Evening,11,2056590929,10,3.873798816133037,8.015958421887262,7,1,0
Reduced-Service,Evening,12,3339987600,6,3.7118516169909612,8.37977955045635,9,2,2
Reduced-Service,Evening,12,3339987600,7,4.196518715083282,7.362969535522325,3,0,0
Reduced-Service,Evening,12,3339987600,8,3.972623216591339,8.43477789405633,2,1,0
Reduced-Service,Evening,12,3339987600,9,3.63738653484009,6.445112825355851,3,1,0
Reduced-Service,Evening,12,3339987600,10,4.510031989824002,10.81656854517098,9,2,0
Reduced-Service,Evening,13,1788010607,6,3.8267444770870878,7.946147604894525,7,2,2
Reduced-Service,Evening,13,1788010607,7,3.2272483496660263,8.039956361242048,2,0,0
Reduced-Service,Evening,13,1788010607,8,3.3021429740000725,8.807779047655409,2,0,0
Reduced-Service,Evening,13,1788010607,9,3.863443726858989,8.341802710642124,3,0,0
Reduced-Service,Evening,13,1788010607,10,4.098192957765014,11.857753018939889,10,0,0
Reduced-Service,Evening,14,2859898362,6,3.574729999556219,7.620913208246633,7,2,2
Reduced-Service,Evening,14,2859898362,7,3.0720433656513086,5.973054827571332,2,0,0
Reduced-Service,Evening,14,2859898362,8,4.725950273317207,9.230739208288263,3,0,0
Reduced-Service,Evening,14,2859898362,9,4.059327000774961,7.948076978049346,3,0,0
Reduced-Service,Evening,14,2859898362,10,4.657758058121693,9.472123371492387,9,0,0
Reduced-Service,Evening,15,1908601667,6,3.8800588424880376,9.106772288506363,8,0,0
Reduced-Service,Evening,15,1908601667,7,3.8466239162674496,6.603087829613742,3,0,0
Reduced-Service,Evening,15,1908601667,8,3.89997512567412,7.703638116817823,3,2,0
Reduced-Service,Evening,15,1908601667,9,3.4876543982140333,8.192685633443352,4,0,0
Reduced-Service,Evening,15,1908601667,10,4.524429219491906,9.080616560329531,6,1,0
Reduced-Service,Evening,16,726301638,6,3.55721862063604,7.514672261767748,8,2,2
Reduced-Service,Evening,16,726301638,7,4.994782760093157,8.114253185996063,4,0,0
Reduced-Service,Evening,16,726301638,8,3.8288782533733543,8.076472444974977,2,1,0
Reduced-Service,Evening,16,726301638,9,3.1510763017713592,7.72366276242278,2,1,0
Reduced-Service,Evening,16,726301638,10,4.175294554415514,9.765716834057258,10,0,0
Reduced-Service,Evening,17,2584016318,6,3.63667171113346,7.8898581677185575,7,0,0
Reduced-Service,Evening,17,2584016318,7,4.301784677305234,6.47422962922019,2,0,0
Reduced-Service,Evening,17,2584016318,8,4.777644414080621,9.163192209841904,2,1,0
Reduced-Service,Evening,17,2584016318,9,4.045079264334551,7.827668868020542,3,0,0
Reduced-Service,Evening,17,2584016318,10,4.860885372690534,12.407866764666721,12,0,0
Reduced-Service,Evening,18,4074852312,6,3.9424455661415734,8.194403232019749,9,1,1
Reduced-Service,Evening,18,4074852312,7,3.915817095641896,6.964743353666336,2,0,0
Reduced-Service,Evening,18,4074852312,8,4.249663428606709,8.174455023804716,3,2,0
Reduced-Service,Evening,18,4074852312,9,4.197974233039076,8.863089732885575,4,0,0
Reduced-Service,Evening,18,4074852312,10,4.612609850952903,9.969839940031193,9,0,0
Reduced-Service,Evening,19,3205241267,6,4.097032544885453,9.306935306760305,6,1,1
Reduced-Service,Evening,19,3205241267,7,4.135247398668471,7.942469684774892,3,0,0
Reduced-Service,Evening,19,3205241267,8,4.827063731212171,9.30124863162191,2,0,0
Reduced-Service,Evening,19,3205241267,9,5.523528784887968,9.103367921326553,3,0,0
Reduced-Service,Evening,19,3205241267,10,4.539135190690942,9.633704746813663,7,1,0
Reduced-Service,Evening,20,1304481603,6,3.561029996077474,8.17568762464541,8,1,1
Reduced-Service,Evening,20,1304481603,7,4.358572808857535,8.065048858594423,3,0,0
Reduced-Service,Evening,20,1304481603,8,3.9834209722748173,8.58468465894141,2,0,0
Reduced-Service,Evening,20,1304481603,9,4.249823126640602,8.10847528068059,5,0,0
Reduced-Service,Evening,20,1304481603,10,4.180165999922678,11.314431748475755,9,0,0
Reduced-Service,Evening,21,2726751603,6,3.6089986640367284,7.978617869664445,9,2,2
Reduced-Service,Evening,21,2726751603,7,4.442875872093022,8.39963690172749,3,0,0
Reduced-Service,Evening,21,2726751603,8,4.092927716728941,7.19636557221871,2,0,0
Reduced-Service,Evening,21,2726751603,9,4.597687008548742,8.594905159807183,3,0,0
Reduced-Service,Evening,21,2726751603,10,4.474906991009405,11.18382248058981,7,0,0
Reduced-Service,Evening,22,2114242019,6,4.010121656977392,8.18555808003573,8,1,1
Reduced-Service,Evening,22,2114242019,7,4.255803636846606,8.673943301994314,3,0,0
Reduced-Service,Evening,22,2114242019,8,4.880176262996429,8.344324096862348,2,0,0
Reduced-Service,Evening,22,2114242019,9,3.9785945873929194,9.20779074015912,3,0,0
Reduced-Service,Evening,22,2114242019,10,4.219458585776195,9.442207444619442,8,2,0
Reduced-Service,Evening,23,1147627710,6,3.602766349608228,7.341287771929814,8,0,0
Reduced-Service,Evening,23,1147627710,7,4.657057057563314,8.764982822810225,3,0,0
Reduced-Service,Evening,23,1147627710,8,4.251988053600096,8.785115274256189,2,0,0
Reduced-Service,Evening,23,1147627710,9,3.998996817706105,8.406438780910559,2,0,0
Reduced-Service,Evening,23,1147627710,10,3.914248611281442,9.503138418531023,7,2,0
Reduced-Service,Evening,24,2483435858,6,3.4892298656217364,7.703301795128799,9,1,1
Reduced-Service,Evening,24,2483435858,7,3.5480335845882975,5.726005290953935,2,0,0
Reduced-Service,Evening,24,2483435858,8,3.2238292789234695,8.296913646349205,2,1,0
Reduced-Service,Evening,24,2483435858,9,4.155035653006062,9.371472075146118,3,0,0
Reduced-Service,Evening,24,2483435858,10,4.264123078801628,9.554545946982614,7,1,0
Reduced-Service,Evening,25,3210783261,6,4.016593956955595,8.957577057054184,10,3,3
Reduced-Service,Evening,25,3210783261,7,3.423412218342681,7.067285158871982,3,0,0
Reduced-Service,Evening,25,3210783261,8,3.509118563081942,8.535431312464013,3,1,0
Reduced-Service,Evening,25,3210783261,9,3.8541598132861785,6.2701596194444775,3,0,0
Reduced-Service,Evening,25,3210783261,10,3.7432103351110433,9.306379726564614,5,0,0
Reduced-Service,Evening,26,1843101495,6,3.9317083988938495,8.440671679358076,8,0,0
Reduced-Service,Evening,26,1843101495,7,4.5929940328442065,7.492505372547839,2,0,0
Reduced-Service,Evening,26,1843101495,8,4.350110922438567,8.967243316496422,3,0,0
Reduced-Service,Evening,26,1843101495,9,3.55560535497933,7.555176861796029,2,0,0
Reduced-Service,Evening,26,1843101495,10,3.97555459351164,9.101707923996344,10,2,0
Reduced-Service,Evening,27,1807795135,6,3.8453349633823644,8.903829165400474,7,1,1
Reduced-Service,Evening,27,1807795135,7,4.451968396118202,8.297923500819707,2,0,0
Reduced-Service,Evening,27,1807795135,8,4.4648787622377615,7.03018337392692,2,0,0
Reduced-Service,Evening,27,1807795135,9,3.50146119190425,7.5337134169071724,3,1,0
Reduced-Service,Evening,27,1807795135,10,4.545438198778792,9.820323147525187,7,0,0
Reduced-Service,Evening,28,650419918,6,3.971663201506524,8.271975629676158,10,3,3
Reduced-Service,Evening,28,650419918,7,4.064139189632718,8.55806273331234,2,0,0
Reduced-Service,Evening,28,650419918,8,3.503540550578374,6.902201650399597,2,1,0
Reduced-Service,Evening,28,650419918,9,4.982483057270538,8.515384255420114,3,1,0
Reduced-Service,Evening,28,650419918,10,3.8622625987982206,9.689464852917581,7,1,0
Reduced-Service,Evening,29,982532350,6,3.561645145719253,8.322168401601402,7,0,0
Reduced-Service,Evening,29,982532350,7,3.552380872645921,5.823236867606511,2,0,0
Reduced-Service,Evening,29,982532350,8,4.451667157578922,7.774484475595624,2,0,0
Reduced-Service,Evening,29,982532350,9,4.270153601159379,8.10163520086657,2,0,0
Reduced-Service,Evening,29,982532350,10,4.742537997765133,11.346121862582663,11,1,0
Reduced-Service,Evening,30,1193431242,6,3.7118865140792785,7.3485347246392845,9,2,2
Reduced-Service,Evening,30,1193431242,7,4.307674169909048,9.214283835522792,3,0,0
Reduced-Service,Evening,30,1193431242,8,4.892131430949989,8.341406565882206,2,1,0
Reduced-Service,Evening,30,1193431242,9,3.951463657041169,7.849681463413581,2,0,0
Reduced-Service,Evening,30,1193431242,10,4.191697250614336,7.863726462250469,6,1,0
Combined,Morning,1,479243620,6,3.6237253979006114,7.560825759139999,10,5,5
Combined,Morning,1,479243620,7,3.594423601855444,11.041251119587221,6,1,0
Combined,Morning,1,479243620,8,3.4838399180743522,6.770678637392961,2,0,0
Combined,Morning,1,479243620,9,3.5959820884520424,7.281972046600898,3,2,0
Combined,Morning,1,479243620,10,3.8494634539015107,7.957304697889185,23,3,0
Combined,Morning,2,454024514,6,4.01124976724168,8.788106153012153,9,1,1
Combined,Morning,2,454024514,7,3.947133972913529,6.7775066250853655,3,2,0
Combined,Morning,2,454024514,8,4.855339353741817,9.2304442061466,2,0,0
Combined,Morning,2,454024514,9,3.478245328839995,7.294869865018286,5,1,0
Combined,Morning,2,454024514,10,3.8471781998957213,8.200478576625542,20,4,0
Combined,Morning,3,1818751028,6,3.701328365349127,8.463203858801105,10,2,2
Combined,Morning,3,1818751028,7,3.553570052739777,8.548573659201706,3,0,0
Combined,Morning,3,1818751028,8,5.172579043680123,9.050500599458744,2,1,0
Combined,Morning,3,1818751028,9,3.397498646408894,7.514158232763392,4,0,0
Combined,Morning,3,1818751028,10,3.7352055162577313,8.422826535575211,29,1,0
Combined,Morning,4,2288458700,6,4.023935679923827,8.919186357374196,11,1,1
Combined,Morning,4,2288458700,7,3.0711677371987736,6.875792394833357,4,0,0
Combined,Morning,4,2288458700,8,3.4064386629792023,7.046402407760432,2,1,0
Combined,Morning,4,2288458700,9,4.100682542954108,8.24218322486194,3,1,0
Combined,Morning,4,2288458700,10,3.8091915796083193,8.361911791283632,24,4,0
Combined,Morning,5,2115331525,6,3.7051281845434785,8.057645624150894,9,2,2
Combined,Morning,5,2115331525,7,4.261584365045911,7.772865891181663,4,1,0
Combined,Morning,5,2115331525,8,4.532245879740873,8.248814592520148,2,0,0
Combined,Morning,5,2115331525,9,3.790460587135192,9.196046435828915,3,1,0
Combined,Morning,5,2115331525,10,3.8025914299349286,8.233144977192495,21,4,0
Combined,Morning,6,2666256175,6,3.7845588857284547,7.675870964463461,9,3,3
Combined,Morning,6,2666256175,7,3.7902191683394886,7.1280544701911195,3,0,0
Combined,Morning,6,2666256175,8,3.732461817807863,6.449304026459617,3,0,0
Combined,Morning,6,2666256175,9,4.131620198090909,7.781112698895835,3,0,0
Combined,Morning,6,2666256175,10,3.9765622608388704,8.219443011224087,25,1,0
Combined,Morning,7,975381835,6,4.025047843341607,8.398591858190015,10,3,3
Combined,Morning,7,975381835,7,4.173252885125788,8.432720683184032,3,0,0
Combined,Morning,7,975381835,8,4.339547673502305,10.050053944872593,2,0,0
Combined,Morning,7,975381835,9,4.522246592092709,8.613424839024544,5,1,0
Combined,Morning,7,975381835,10,3.803589773288832,7.915575442320048,28,2,0
Combined,Morning,8,2535166222,6,3.801440754369234,8.48080321399542,8,1,1
Combined,Morning,8,2535166222,7,3.550527266157468,8.111203782456714,5,0,0
Combined,Morning,8,2535166222,8,3.7481579853949123,8.565374503542989,2,0,0
Combined,Morning,8,2535166222,9,4.2638156397498905,7.79226259837603,4,1,0
Combined,Morning,8,2535166222,10,3.860315210023373,8.224461711721816,26,0,0
Combined,Morning,9,1079577930,6,4.16190480629214,9.334391008736223,10,3,3
Combined,Morning,9,1079577930,7,4.447671260761569,9.873257009702709,4,1,0
Combined,Morning,9,1079577930,8,4.674558295847098,10.076009094070763,3,0,0
Combined,Morning,9,1079577930,9,3.8495590646263507,7.30926498877161,5,0,0
Combined,Morning,9,1079577930,10,3.982200421339175,8.595389723365045,22,0,0
Combined,Morning,10,3715024065,6,3.8196589757492503,8.524130495539572,11,3,3
Combined,Morning,10,3715024065,7,4.184314572204755,8.373289614334043,3,1,0
Combined,Morning,10,3715024065,8,3.080670487627204,5.962425214691369,3,0,0
Combined,Morning,10,3715024065,9,3.9498154368500336,8.105246451196194,3,0,0
Combined,Morning,10,3715024065,10,3.802199735442852,8.241012021861295,31,3,0
Combined,Morning,11,2056590929,6,3.802773278005965,8.323762786210796,14,2,2
Combined,Morning,11,2056590929,7,3.5916534946186593,7.664261351598657,3,1,0
Combined,Morning,11,2056590929,8,4.803909118977829,8.455018324073624,2,0,0
Combined,Morning,11,2056590929,9,3.4997388238767884,7.5157339184936625,4,0,0
Combined,Morning,11,2056590929,10,3.945551408171452,8.30759703488684,27,0,0
Combined,Morning,12,3339987600,6,3.81644881870623,7.8810669553589605,11,2,2
Combined,Morning,12,3339987600,7,3.551437353984026,7.151044178409358,3,1,0
Combined,Morning,12,3339987600,8,3.5695315896359046,7.058603690384689,2,2,0
Combined,Morning,12,3339987600,9,3.6320143146461232,7.6274431183445595,4,0,0
Combined,Morning,12,3339987600,10,3.9079433015722933,8.392996329669486,22,2,0
Combined,Morning,13,1788010607,6,4.235420748096565,9.074372063760633,9,2,2
Combined,Morning,13,1788010607,7,3.581773299959127,8.111481889994248,4,1,0
Combined,Morning,13,1788010607,8,3.9203451161763194,6.389918121004552,2,1,0
Combined,Morning,13,1788010607,9,4.2742395827917905,8.378841180070438,3,1,0
Combined,Morning,13,1788010607,10,3.921034143185151,8.136151982669418,24,4,0
Combined,Morning,14,2859898362,6,3.89837129192387,8.131596502067874,11,2,2
Combined,Morning,14,2859898362,7,3.2384997639184707,7.217979856774332,4,0,0
Combined,Morning,14,2859898362,8,4.5702010328970255,11.062479725313892,2,1,0
Combined,Morning,14,2859898362,9,4.320069151123322,9.48184673894393,3,0,0
Combined,Morning,14,2859898362,10,3.6617854753477723,8.052395159968313,25,1,0
Combined,Morning,15,1908601667,6,4.105893481005158,8.706556350172576,11,1,1
Combined,Morning,15,1908601667,7,3.596985523818883,7.494327234495996,3,0,0
Combined,Morning,15,1908601667,8,4.427259614036817,9.014448245176206,3,0,0
Combined,Morning,15,1908601667,9,4.388345196557192,9.473544218255684,4,0,0
Combined,Morning,15,1908601667,10,3.73878297110749,8.32132573881124,31,2,0
Combined,Morning,16,726301638,6,3.9138491630377654,7.785417910660357,9,1,1
Combined,Morning,16,726301638,7,3.4564723504001393,7.104379384840861,3,0,0
Combined,Morning,16,726301638,8,4.694029067435328,8.785058768296562,3,0,0
Combined,Morning,16,726301638,9,4.0980426011539395,8.85798063029151,5,1,0
Combined,Morning,16,726301638,10,3.9656496335216516,8.90335214776654,26,3,0
Combined,Morning,17,2584016318,6,3.68296022387282,8.10698859499736,10,2,2
Combined,Morning,17,2584016318,7,3.5729115864544836,9.249086165081856,3,1,0
Combined,Morning,17,2584016318,8,3.241706301017637,7.955733194129309,2,0,0
Combined,Morning,17,2584016318,9,3.7470172863437923,6.7337608329175875,3,1,0
Combined,Morning,17,2584016318,10,3.7690288689156404,8.192526387173572,24,3,0
Combined,Morning,18,4074852312,6,3.693980734346615,8.259260250645134,10,2,2
Combined,Morning,18,4074852312,7,4.217601298709923,10.634313297343942,3,1,0
Combined,Morning,18,4074852312,8,3.9939908281771985,7.411199496742778,2,0,0
Combined,Morning,18,4074852312,9,3.818364169919529,7.96450496360083,4,0,0
Combined,Morning,18,4074852312,10,3.882121691631413,8.311059100304561,22,2,0
Combined,Morning,19,3205241267,6,3.9087619270683174,9.008539806163732,9,2,2
Combined,Morning,19,3205241267,7,3.2109269509296876,6.1304049872274975,3,0,0
Combined,Morning,19,3205241267,8,4.913849402542339,8.992606287262035,2,0,0
Combined,Morning,19,3205241267,9,4.04875384377471,8.305060336290891,4,1,0
Combined,Morning,19,3205241267,10,3.802634228922446,8.03517933603554,24,0,0
Combined,Morning,20,1304481603,6,3.7752795126574,8.566341923166291,9,1,1
Combined,Morning,20,1304481603,7,3.7750621434354987,8.004484529333672,3,0,0
Combined,Morning,20,1304481603,8,4.527245569961381,8.819367553300479,2,0,0
Combined,Morning,20,1304481603,9,4.178457495951903,7.799504240144239,3,0,0
Combined,Morning,20,1304481603,10,3.929702808401233,8.251754833548375,24,3,0
Combined,Morning,21,2726751603,6,4.011018883519401,8.530738828417793,10,2,2
Combined,Morning,21,2726751603,7,3.9821241234238776,6.714433945333496,4,1,0
Combined,Morning,21,2726751603,8,4.0604586509911424,7.9876853837371495,2,0,0
Combined,Morning,21,2726751603,9,3.7880695117414644,7.304854287060404,4,1,0
Combined,Morning,21,2726751603,10,3.8006565513187174,8.14116904334162,28,0,0
Combined,Morning,22,2114242019,6,3.695127803033687,8.44347673771058,10,1,1
Combined,Morning,22,2114242019,7,3.985442331685696,7.888184807511036,2,0,0
Combined,Morning,22,2114242019,8,3.2567795175643086,6.03432643242852,2,0,0
Combined,Morning,22,2114242019,9,4.130363602296289,7.808587240318057,4,1,0
Combined,Morning,22,2114242019,10,4.126089737553624,8.01039797264393,24,1,0
Combined,Morning,23,1147627710,6,3.74370853163247,8.27914435478815,10,6,6
Combined,Morning,23,1147627710,7,3.8942836431933356,7.900172306661401,4,0,0
Combined,Morning,23,1147627710,8,3.2070999039488584,5.9902867677830836,2,1,0
Combined,Morning,23,1147627710,9,3.6842390939852194,11.207866049491154,2,0,0
Combined,Morning,23,1147627710,10,3.9370016098202925,8.358260019206398,28,1,0
Combined,Morning,24,2483435858,6,3.629145923424131,7.354573415659341,11,3,3
Combined,Morning,24,2483435858,7,4.444660921757134,8.639638738848227,2,1,0
Combined,Morning,24,2483435858,8,3.3295876974776974,7.431608725204568,3,1,0
Combined,Morning,24,2483435858,9,3.6531095512773732,8.156636742208821,5,0,0
Combined,Morning,24,2483435858,10,3.7718630732458904,8.367376743736855,21,1,0
Combined,Morning,25,3210783261,6,3.8679940083646143,9.09065739505425,9,5,5
Combined,Morning,25,3210783261,7,3.4488301722804864,7.26461593113016,3,0,0
Combined,Morning,25,3210783261,8,4.450515367088254,10.719624196863878,2,0,0
Combined,Morning,25,3210783261,9,3.9376397415450555,7.5989199966609515,4,1,0
Combined,Morning,25,3210783261,10,3.9251212653894636,8.68936467560684,22,3,0
Combined,Morning,26,1843101495,6,3.725131075060591,9.658648834604948,9,3,3
Combined,Morning,26,1843101495,7,4.102424817105816,9.425029243203007,3,1,0
Combined,Morning,26,1843101495,8,4.097235388111208,7.172087078068204,2,1,0
Combined,Morning,26,1843101495,9,4.77950370800545,8.56556323978715,4,0,0
Combined,Morning,26,1843101495,10,4.013585255519969,8.342653462601731,24,5,0
Combined,Morning,27,1807795135,6,3.85793184076901,8.393037444714265,9,2,2
Combined,Morning,27,1807795135,7,3.848925798909827,9.2846007547378,4,0,0
Combined,Morning,27,1807795135,8,3.643142496655678,7.712013493990525,2,1,0
Combined,Morning,27,1807795135,9,3.4671511660569836,8.564906734555564,5,0,0
Combined,Morning,27,1807795135,10,3.8750514053312433,9.080258401357042,21,1,0
Combined,Morning,28,650419918,6,3.9391953875457,8.387581498106897,9,4,4
Combined,Morning,28,650419918,7,3.7061905368254924,7.292688580622244,3,0,0
Combined,Morning,28,650419918,8,3.7394891263562413,6.532076003416955,2,1,0
Combined,Morning,28,650419918,9,4.1179092934582,7.824187649377293,2,0,0
Combined,Morning,28,650419918,10,3.9642064586861028,8.351612797396811,23,2,0
Combined,Morning,29,982532350,6,3.726682837140403,7.595808209309774,9,3,3
Combined,Morning,29,982532350,7,3.5335491991443346,7.13705708201213,3,0,0
Combined,Morning,29,982532350,8,3.5039379462646005,6.6062281416885265,2,0,0
Combined,Morning,29,982532350,9,3.910871747171048,7.719822713243404,3,1,0
Combined,Morning,29,982532350,10,3.826563785736615,8.239192798469333,25,3,0
Combined,Morning,30,1193431242,6,3.972700230823631,7.478219192525204,11,10,10
Combined,Morning,30,1193431242,7,3.5454733840467916,7.889293046966356,3,0,0
Combined,Morning,30,1193431242,8,4.3524239553174935,7.834976179428509,2,0,0
Combined,Morning,30,1193431242,9,3.6940996441583254,7.538857149313014,4,0,0
Combined,Morning,30,1193431242,10,3.9128423883834036,8.06859247758456,26,3,0
Combined,Evening,1,479243620,6,3.9167830763223583,8.014122768040577,10,0,0
Combined,Evening,1,479243620,7,3.985461103224594,8.22306764479698,3,0,0
Combined,Evening,1,479243620,8,4.26073319530609,10.391668966941618,3,0,0
Combined,Evening,1,479243620,9,3.7017966652672283,7.713729879836955,3,0,0
Combined,Evening,1,479243620,10,3.995969022629857,9.78283096204783,10,2,0
Combined,Evening,2,454024514,6,3.745834013490791,7.390188552913457,9,1,1
Combined,Evening,2,454024514,7,3.7354948093649916,8.938524394329498,3,0,0
Combined,Evening,2,454024514,8,3.491657725014454,9.14273075699698,2,0,0
Combined,Evening,2,454024514,9,3.541881584215396,6.853657339763321,4,0,0
Combined,Evening,2,454024514,10,3.5197139428138464,8.186613059471489,11,2,0
Combined,Evening,3,1818751028,6,3.7478307836835083,8.409146378242783,10,2,2
Combined,Evening,3,1818751028,7,3.3565356227656156,6.167344587689524,4,0,0
Combined,Evening,3,1818751028,8,3.1643815506241095,6.594437263012566,3,1,1
Combined,Evening,3,1818751028,9,4.225741284753839,10.688399621695584,4,0,0
Combined,Evening,3,1818751028,10,3.8698862205091755,10.312241205278468,8,3,0
Combined,Evening,4,2288458700,6,3.612640669804499,8.080807682263753,10,1,1
Combined,Evening,4,2288458700,7,3.7181451657390068,7.814029730873432,3,0,0
Combined,Evening,4,2288458700,8,4.991796771037103,9.442650157696221,3,0,0
Combined,Evening,4,2288458700,9,3.3981639042885807,7.6851179508892065,2,0,0
Combined,Evening,4,2288458700,10,3.8908278628393655,8.911423156488365,10,2,0
Combined,Evening,5,2115331525,6,3.849840404286475,7.946741807800834,9,1,1
Combined,Evening,5,2115331525,7,3.85804648105793,7.930644167486343,5,0,0
Combined,Evening,5,2115331525,8,3.65687254481598,7.421220027005722,2,0,0
Combined,Evening,5,2115331525,9,4.1704329483963445,7.594790650194772,4,0,0
Combined,Evening,5,2115331525,10,4.800799530756182,13.157353884696919,9,7,0
Combined,Evening,6,2666256175,6,3.57116246537288,8.325780794500202,10,4,4
Combined,Evening,6,2666256175,7,4.470626829300683,7.292365805282644,3,0,0
Combined,Evening,6,2666256175,8,3.651669700801016,8.068325446528888,2,1,1
Combined,Evening,6,2666256175,9,3.866063577111907,6.774173814799041,3,0,0
Combined,Evening,6,2666256175,10,4.138842741179896,11.912574006428121,15,4,0
Combined,Evening,7,975381835,6,3.5866579268318226,8.161994317631274,9,0,0
Combined,Evening,7,975381835,7,3.407768781428209,7.59712632975594,4,0,0
Combined,Evening,7,975381835,8,4.245794015538081,10.203404903946725,3,0,0
Combined,Evening,7,975381835,9,4.005275546864823,7.475011118197062,3,0,0
Combined,Evening,7,975381835,10,4.259232256952896,12.877257684015808,12,4,0
Combined,Evening,8,2535166222,6,3.7469648965594504,7.576693990806248,9,2,2
Combined,Evening,8,2535166222,7,3.897449341937975,8.965458629027548,4,0,0
Combined,Evening,8,2535166222,8,3.7276223264409634,6.172161957122387,2,0,0
Combined,Evening,8,2535166222,9,5.096014960775489,8.512391006933807,3,0,0
Combined,Evening,8,2535166222,10,4.10653047635238,10.151855728245344,12,2,0
Combined,Evening,9,1079577930,6,3.812933791946655,7.809445068567356,10,4,4
Combined,Evening,9,1079577930,7,4.234758035256696,7.742489891316142,4,0,0
Combined,Evening,9,1079577930,8,4.226730141140003,8.136107933304253,2,0,0
Combined,Evening,9,1079577930,9,3.8912333964445147,7.434731151235154,3,0,0
Combined,Evening,9,1079577930,10,3.4992930026552433,7.149290890172622,10,3,0
Combined,Evening,10,3715024065,6,3.7220635627075116,8.248523155163014,10,1,1
Combined,Evening,10,3715024065,7,4.073754325000018,6.940646551881121,4,0,0
Combined,Evening,10,3715024065,8,4.301001376033915,10.94891158582952,3,0,0
Combined,Evening,10,3715024065,9,3.710062253121719,8.448242740033669,3,0,0
Combined,Evening,10,3715024065,10,4.233267947594397,13.426561033459869,10,3,0
Combined,Evening,11,2056590929,6,3.837695331980439,8.2568023965318,9,2,2
Combined,Evening,11,2056590929,7,3.354161697451896,6.550379545636763,3,0,0
Combined,Evening,11,2056590929,8,2.6074022753193478,5.560576838431802,2,0,0
Combined,Evening,11,2056590929,9,3.167868734929853,7.742718963637934,2,0,0
Combined,Evening,11,2056590929,10,4.17263984580905,12.038734254436623,9,7,0
Combined,Evening,12,3339987600,6,3.763943704943739,9.063803591318354,10,3,3
Combined,Evening,12,3339987600,7,4.01046255500985,7.962658829383272,3,0,0
Combined,Evening,12,3339987600,8,3.806798170146732,7.555761959897493,3,0,0
Combined,Evening,12,3339987600,9,3.649902388724327,7.044835764702973,4,0,0
Combined,Evening,12,3339987600,10,4.295269771359652,11.369742383902855,12,3,0
Combined,Evening,13,1788010607,6,3.858722991648452,8.085951135291749,10,4,4
Combined,Evening,13,1788010607,7,2.5708001949790207,5.108441749919642,2,0,0
Combined,Evening,13,1788010607,8,3.770630097295347,12.271344879881461,2,0,0
Combined,Evening,13,1788010607,9,3.6846018066241384,7.137685732971749,3,0,0
Combined,Evening,13,1788010607,10,4.707453272533993,12.391078000880611,16,0,0
Combined,Evening,14,2859898362,6,3.900068565396919,7.670420298586644,10,2,2
Combined,Evening,14,2859898362,7,2.9301873284618614,6.537711128023789,2,0,0
Combined,Evening,14,2859898362,8,3.641889350826773,7.901171399744624,3,0,0
Combined,Evening,14,2859898362,9,3.976786538569985,8.209961346147837,3,0,0
Combined,Evening,14,2859898362,10,4.406014736725999,9.873939193136493,13,3,0
Combined,Evening,15,1908601667,6,3.6160520605748414,7.766917473825934,8,3,3
Combined,Evening,15,1908601667,7,3.9036004259236927,7.0152238445128985,4,0,0
Combined,Evening,15,1908601667,8,3.5017972114923395,6.941165027417713,3,2,2
Combined,Evening,15,1908601667,9,3.978630575968802,9.124529345466065,3,0,0
Combined,Evening,15,1908601667,10,4.540841445073141,13.221027731603613,8,4,0
Combined,Evening,16,726301638,6,3.8295273538681336,7.756790741317293,12,3,3
Combined,Evening,16,726301638,7,4.340335307954632,7.573788499320572,4,0,0
Combined,Evening,16,726301638,8,3.1534763383823727,6.395548580928266,4,0,0
Combined,Evening,16,726301638,9,3.5897504674081215,9.24335145314346,3,0,0
Combined,Evening,16,726301638,10,4.386139244011184,10.342323412985023,13,2,0
Combined,Evening,17,2584016318,6,3.8081074031125115,9.768716382833134,8,1,1
Combined,Evening,17,2584016318,7,3.5370741988148984,6.804081590539533,3,0,0
Combined,Evening,17,2584016318,8,3.6798215203622164,7.944751783164258,3,0,0
Combined,Evening,17,2584016318,9,4.100953670364264,8.447633525169838,3,0,0
Combined,Evening,17,2584016318,10,4.879136752894266,13.057792989187682,13,4,0
Combined,Evening,18,4074852312,6,3.6987631325578483,7.317485826483403,9,2,2
Combined,Evening,18,4074852312,7,3.9271896972800158,7.757695801117577,2,0,0
Combined,Evening,18,4074852312,8,4.039186011028232,7.931074549991944,4,0,0
Combined,Evening,18,4074852312,9,3.872668040760359,7.503789353394085,4,0,0
Combined,Evening,18,4074852312,10,4.706935810401166,11.09268432722431,14,2,0
Combined,Evening,19,3205241267,6,4.177946535825895,9.0362154491134,10,1,1
Combined,Evening,19,3205241267,7,4.407117922606878,8.063446120094431,3,0,0
Combined,Evening,19,3205241267,8,4.097148495700552,8.019278978344675,3,0,0
Combined,Evening,19,3205241267,9,5.29434537522428,10.732949062895726,4,0,0
Combined,Evening,19,3205241267,10,4.323420655730836,10.46829427022235,10,5,0
Combined,Evening,20,1304481603,6,3.5992786473517264,8.025583998692992,8,4,4
Combined,Evening,20,1304481603,7,3.9960313200518125,7.754267788341451,4,1,1
Combined,Evening,20,1304481603,8,4.306337280155015,9.181759306156891,3,0,0
Combined,Evening,20,1304481603,9,4.667719248890869,11.280935675392993,6,0,0
Combined,Evening,20,1304481603,10,4.296080408032575,11.457611872469549,11,3,0
Combined,Evening,21,2726751603,6,3.578424286658035,7.783356970761481,10,2,2
Combined,Evening,21,2726751603,7,3.3859456719258634,7.3991201502187325,4,0,0
Combined,Evening,21,2726751603,8,4.046231629884687,10.605831835426043,2,0,0
Combined,Evening,21,2726751603,9,3.7745292867642464,7.167911309935561,4,0,0
Combined,Evening,21,2726751603,10,4.306778422370817,11.047345587828042,11,3,0
Combined,Evening,22,2114242019,6,4.10549033503595,8.694870859319025,9,1,1
Combined,Evening,22,2114242019,7,3.7968288140918958,10.131910822528024,4,0,0
Combined,Evening,22,2114242019,8,3.6509267988912084,7.514631904232578,3,0,0
Combined,Evening,22,2114242019,9,3.265498902753613,6.268528772662194,3,0,0
Combined,Evening,22,2114242019,10,4.208701270670946,12.837104582214765,8,3,0
Combined,Evening,23,1147627710,6,3.5671923599466906,8.121465734449565,9,0,0
Combined,Evening,23,1147627710,7,3.9176774741650116,7.521667112915076,3,0,0
Combined,Evening,23,1147627710,8,4.212166152495427,8.254295480424185,3,0,0
Combined,Evening,23,1147627710,9,3.7424773524478807,7.955118976002495,3,0,0
Combined,Evening,23,1147627710,10,3.827411767515838,8.099745184265966,11,3,0
Combined,Evening,24,2483435858,6,3.4866900180555898,7.761574316931648,10,2,2
Combined,Evening,24,2483435858,7,3.6678156871193317,6.608027236242206,3,0,0
Combined,Evening,24,2483435858,8,2.8947315183923457,6.64979908865655,2,0,0
Combined,Evening,24,2483435858,9,4.058252504175326,10.266430598033502,3,0,0
Combined,Evening,24,2483435858,10,4.407788966376996,12.50983006437504,11,2,0
Combined,Evening,25,3210783261,6,3.7578672451634065,7.208103099496599,11,3,3
Combined,Evening,25,3210783261,7,3.663180766599802,6.473520083223512,3,0,0
Combined,Evening,25,3210783261,8,3.7337995084848217,8.356486364906573,3,0,0
Combined,Evening,25,3210783261,9,4.153311073693541,9.391759408068715,4,0,0
Combined,Evening,25,3210783261,10,4.158783043335513,11.553857083902194,10,4,0
Combined,Evening,26,1843101495,6,3.7203105570016364,8.307288629921125,8,2,2
Combined,Evening,26,1843101495,7,3.837891024213297,6.649039001533981,3,1,1
Combined,Evening,26,1843101495,8,4.276379372414357,8.652370268692527,3,0,0
Combined,Evening,26,1843101495,9,3.313454288065562,6.171994417890959,2,0,0
Combined,Evening,26,1843101495,10,3.9166691911655658,8.784005543653223,11,3,0
Combined,Evening,27,1807795135,6,3.5628557093487805,7.661856964459106,9,2,2
Combined,Evening,27,1807795135,7,4.671066762121476,8.718022387257092,2,0,0
Combined,Evening,27,1807795135,8,3.1538657720309824,5.9283423229093275,3,0,0
Combined,Evening,27,1807795135,9,3.6856231547627867,7.746377429486187,3,0,0
Combined,Evening,27,1807795135,10,4.281801101565218,11.742131401178742,10,4,0
Combined,Evening,28,650419918,6,4.071237974861427,8.478364340117105,10,3,3
Combined,Evening,28,650419918,7,4.783348386598285,8.481502507357623,3,0,0
Combined,Evening,28,650419918,8,3.526831600115791,6.853785740367732,3,0,0
Combined,Evening,28,650419918,9,4.010874888767482,7.644915866553219,3,0,0
Combined,Evening,28,650419918,10,4.02536878320348,10.067131581486471,8,1,0
Combined,Evening,29,982532350,6,3.696981037069304,8.401627472380085,10,1,1
Combined,Evening,29,982532350,7,3.387298083186311,6.1966599888912,3,0,0
Combined,Evening,29,982532350,8,4.182411819520587,8.095816993226402,3,0,0
Combined,Evening,29,982532350,9,5.044902053325848,11.870774106145221,4,0,0
Combined,Evening,29,982532350,10,4.914821189808921,12.779610171952003,15,4,0
Combined,Evening,30,1193431242,6,3.891006030179841,7.987410939453019,12,3,3
Combined,Evening,30,1193431242,7,3.8315943869174385,5.955864477990098,3,0,0
Combined,Evening,30,1193431242,8,4.7767921164864315,9.25951428882049,3,0,0
Combined,Evening,30,1193431242,9,4.242788547775124,7.489834137084346,3,1,1
Combined,Evening,30,1193431242,10,4.1997335936034315,8.308740556837726,10,4,0
