Replication,Seed,Period,Generated Passengers,Completed Passengers,Mean Completed Wait,Median Completed Wait,P95 Completed Wait,Maximum Completed Wait,Minimum Completed Wait,Peak Queue,Peak Queue Stop,Peak Queue Time,Period-End Queue,Final Backlog,Mean Bus Occupancy,Maximum Bus Occupancy,Minimum Bus Occupancy,Passenger Conservation,Waiting Time Valid,Bus Occupancy Valid,Scenario,Service Plan
1,479243620,Morning,698,693,3.340768894414128,3.050246378446218,7.176687870379577,11.95898804878334,0.004186976154869626,19,10,434.179378540248,11,5,17.827906976744185,35,6,True,True,True,High-Demand,"(8, 12, 10, 8, 5)"
2,454024514,Morning,698,697,3.4999994429904087,3.303930081529927,7.790173638838945,11.983656719738633,0.01317183439340397,18,10,502.18609967730765,8,1,17.92093023255814,38,5,True,True,True,High-Demand,"(8, 12, 10, 8, 5)"
3,1818751028,Morning,698,696,3.43925428124407,3.073270997271578,7.4826141885504285,11.96331910406343,0.0021543007542277337,23,10,434.036358735231,4,2,17.89767441860465,41,6,True,True,True,High-Demand,"(8, 12, 10, 8, 5)"
4,2288458700,Morning,698,697,3.518984793978919,3.248692773295147,8.007954386328368,12.607530051761046,0.0013697425213194947,23,10,496.3736474622023,7,1,17.92093023255814,36,5,True,True,True,High-Demand,"(8, 12, 10, 8, 5)"
5,2115331525,Morning,698,696,3.3918546066435997,3.131469287834193,7.754979642416146,12.346917601018276,0.004024865273720479,20,10,520.2834165876944,8,2,17.89767441860465,36,5,True,True,True,High-Demand,"(8, 12, 10, 8, 5)"
6,2666256175,Morning,698,695,3.5009927629786026,3.368762162527787,7.367791547235208,11.952129038490739,0.0077742659318573715,22,10,514.0633586572794,4,3,17.87441860465116,40,5,True,True,True,High-Demand,"(8, 12, 10, 8, 5)"
7,975381835,Morning,698,695,3.4320273760944717,3.1787404219792847,7.425585629017597,12.23551905767215,0.01712480726780541,22,10,433.6363393802061,6,3,17.87441860465116,39,5,True,True,True,High-Demand,"(8, 12, 10, 8, 5)"
8,2535166222,Morning,698,697,3.308015913847213,3.034336754486219,7.41079764701476,11.63542751904879,0.006236951373011834,25,10,434.01187609505644,2,1,17.92093023255814,41,5,True,True,True,High-Demand,"(8, 12, 10, 8, 5)"
9,1079577930,Morning,698,695,3.615301070054945,3.3037810178423115,7.936175350140386,12.330767213477884,0.005592312939768362,19,10,433.6018430169442,4,3,17.87441860465116,35,6,True,True,True,High-Demand,"(8, 12, 10, 8, 5)"
10,3715024065,Morning,698,695,3.5699208680495143,3.4464488105395503,7.350430485145614,12.236920756799918,0.0175058027514865,26,10,434.0662008406654,7,3,17.87441860465116,37,5,True,True,True,High-Demand,"(8, 12, 10, 8, 5)"
11,2056590929,Morning,698,696,3.5581499923843456,3.20693839127685,7.471507283878111,12.281311932766016,0.03367046534879137,23,10,433.1544700594169,3,2,17.89767441860465,42,6,True,True,True,High-Demand,"(8, 12, 10, 8, 5)"
12,3339987600,Morning,698,696,3.4872876713033825,3.3502220030028127,7.396587616267681,12.334464024567183,0.007955621119208445,21,10,484.0472730712216,7,2,17.89767441860465,34,7,True,True,True,High-Demand,"(8, 12, 10, 8, 5)"
13,1788010607,Morning,698,696,3.5752577750958525,3.500450176852837,7.818937659199818,11.967620113090334,0.028262122300361625,23,10,434.1471660280456,9,2,17.89767441860465,37,5,True,True,True,High-Demand,"(8, 12, 10, 8, 5)"
14,2859898362,Morning,698,696,3.3884874385138968,3.093776396102612,7.552212691145485,12.657318279754463,0.016268105622486928,23,10,495.9088499822273,4,2,17.89767441860465,35,7,True,True,True,High-Demand,"(8, 12, 10, 8, 5)"
15,1908601667,Morning,698,697,3.356405409803895,3.0728814195384757,7.449048980418613,11.653039944017564,0.002187357021568914,27,10,433.95148724315106,3,1,17.92093023255814,39,4,True,True,True,High-Demand,"(8, 12, 10, 8, 5)"
16,726301638,Morning,698,697,3.580689193677781,3.325469927793449,8.109953179117207,12.448092180339472,0.008423818823018792,22,10,434.08740231351277,5,1,17.92093023255814,34,6,True,True,True,High-Demand,"(8, 12, 10, 8, 5)"
17,2584016318,Morning,698,696,3.3913033799971926,3.1509879817368756,7.314279418847036,12.29810899947762,0.012497819873715343,23,10,489.18967103555434,7,2,17.89767441860465,39,5,True,True,True,High-Demand,"(8, 12, 10, 8, 5)"
18,4074852312,Morning,698,696,3.5681525221720864,3.433647124410527,7.420075757538584,11.9687873327141,0.004347676271493128,21,10,507.98638969525,5,2,17.89767441860465,41,6,True,True,True,High-Demand,"(8, 12, 10, 8, 5)"
19,3205241267,Morning,698,696,3.390597339149328,3.142848519905016,7.496412197898806,12.652792810592132,0.0065143849299147405,22,10,424.6445644616253,3,2,17.89767441860465,36,5,True,True,True,High-Demand,"(8, 12, 10, 8, 5)"
20,1304481603,Morning,698,697,3.4418650857770188,3.2185765671684976,7.299932796347624,11.810518309007875,0.01445317724551387,20,10,433.13465066286676,4,1,17.92093023255814,36,5,True,True,True,High-Demand,"(8, 12, 10, 8, 5)"
21,2726751603,Morning,698,696,3.4819747005994626,3.160717424150164,7.48892663509119,12.706948867948483,0.02696203193590918,26,10,434.1839564986334,4,2,17.89767441860465,35,6,True,True,True,High-Demand,"(8, 12, 10, 8, 5)"
22,2114242019,Morning,698,697,3.5270944195010316,3.378817814493118,7.401390770627696,12.284434911159622,0.003280479343118259,21,10,495.9332711356441,3,1,17.92093023255814,34,6,True,True,True,High-Demand,"(8, 12, 10, 8, 5)"
23,1147627710,Morning,698,692,3.5537774610904775,3.406131692330348,7.378142082129764,11.938901646068416,0.007732962206603133,26,10,433.92183187166927,8,6,17.804651162790698,37,4,True,True,True,High-Demand,"(8, 12, 10, 8, 5)"
24,2483435858,Morning,698,695,3.389063733284648,3.1482775299656396,7.33801355143421,11.679677956237242,0.017155214635977245,17,10,425.1807500005022,6,3,17.87441860465116,33,6,True,True,True,High-Demand,"(8, 12, 10, 8, 5)"
25,3210783261,Morning,698,693,3.5249732025855773,3.254740388597952,7.733426718689485,11.934361234725088,0.01343546481660951,21,10,502.3698978685167,9,5,17.827906976744185,39,5,True,True,True,High-Demand,"(8, 12, 10, 8, 5)"
26,1843101495,Morning,698,695,3.511451469928955,3.279200958341903,7.498657018639022,11.998256858571722,0.02134334859727005,20,10,484.1151251340581,10,3,17.87441860465116,34,5,True,True,True,High-Demand,"(8, 12, 10, 8, 5)"
27,1807795135,Morning,698,696,3.503577535399007,3.2859667526104204,7.755852010334067,11.828003378096241,0.0038992062807778893,20,10,525.38703311385,4,2,17.89767441860465,34,7,True,True,True,High-Demand,"(8, 12, 10, 8, 5)"
28,650419918,Morning,698,694,3.5535521312035256,3.4377770549371007,7.27584005716089,12.7291872736281,0.02575089968490829,21,10,526.0838776207688,7,4,17.851162790697675,38,7,True,True,True,High-Demand,"(8, 12, 10, 8, 5)"
29,982532350,Morning,698,695,3.3942391599220194,3.1415827191534618,7.269516853030052,11.822491870509225,0.003267801268009407,21,10,484.08120109201036,7,3,17.87441860465116,37,5,True,True,True,High-Demand,"(8, 12, 10, 8, 5)"
30,1193431242,Morning,698,688,3.504644473008078,3.3516547695587633,7.427332267883099,11.94633101800423,0.002238307789184546,21,10,532.2961924992312,13,10,17.711627906976744,41,7,True,True,True,High-Demand,"(8, 12, 10, 8, 5)"
1,479243620,Evening,385,385,3.578971128161074,3.400341440256966,8.207069453379601,16.40337282026144,0.01633212487149649,10,10,916.1300073517056,2,0,14.045454545454545,23,3,True,True,True,High-Demand,"(10, 10, 10, 9, 5)"
2,454024514,Evening,385,384,3.511578802778267,3.345304131976718,7.630190750463668,14.596525555453695,0.011656791523478205,11,10,916.8237414388833,3,1,14.022727272727273,24,5,True,True,True,High-Demand,"(10, 10, 10, 9, 5)"
3,1818751028,Evening,385,384,3.3799980569357797,3.2544526211531775,6.888945927099159,16.600628802092615,0.0016330752584963193,9,6,944.1571321841805,3,1,14.022727272727273,23,6,True,True,True,High-Demand,"(10, 10, 10, 9, 5)"
4,2288458700,Evening,385,384,3.4220271381767398,3.206441958119001,7.499159027309736,17.023265857351475,0.008103623968281681,10,6,1135.7087485457096,3,1,14.022727272727273,21,3,True,True,True,High-Demand,"(10, 10, 10, 9, 5)"
5,2115331525,Evening,385,384,3.4696816776735875,3.1280295428259706,7.486206092908546,16.4374137524062,0.04922874768612928,9,6,956.3685668859082,6,1,14.022727272727273,23,3,True,True,True,High-Demand,"(10, 10, 10, 9, 5)"
6,2666256175,Evening,385,383,3.3573240040484085,3.0493607103840077,6.648319803682079,17.06710774211126,0.010300965877377166,15,10,916.7271298463982,5,2,14.0,24,4,True,True,True,High-Demand,"(10, 10, 10, 9, 5)"
7,975381835,Evening,385,385,3.523418306224168,2.91021828834198,9.564916859992792,16.449306267979523,0.00016714175831111788,12,10,916.9766430286089,4,0,14.045454545454545,22,3,True,True,True,High-Demand,"(10, 10, 10, 9, 5)"
8,2535166222,Evening,385,384,3.523786402168188,3.2362663528006124,8.70425697777691,16.648628856500068,0.0023525761550899915,12,10,914.5591844505068,3,1,14.022727272727273,22,2,True,True,True,High-Demand,"(10, 10, 10, 9, 5)"
9,1079577930,Evening,385,381,3.397512847309936,3.1411673443882364,7.22768544884093,15.957308580350855,0.0391706644605847,10,10,916.7882649336816,7,4,13.954545454545455,23,4,True,True,True,High-Demand,"(10, 10, 10, 9, 5)"
10,3715024065,Evening,385,384,3.6672762426127803,3.4302422130224386,7.235546983652047,16.277428591203602,0.027647562207675946,10,10,915.0870767564767,2,1,14.022727272727273,23,4,True,True,True,High-Demand,"(10, 10, 10, 9, 5)"
11,2056590929,Evening,385,383,3.3346680290912727,2.9213439463059103,7.116482218950493,16.911362923696288,0.020224946133339472,9,10,916.9541548367894,9,2,14.0,21,5,True,True,True,High-Demand,"(10, 10, 10, 9, 5)"
12,3339987600,Evening,385,382,3.4425759189598253,3.0445606789534168,7.214377650303091,16.974117874359195,0.020756836659529654,12,10,915.3572745698926,7,3,13.977272727272727,24,2,True,True,True,High-Demand,"(10, 10, 10, 9, 5)"
13,1788010607,Evening,385,382,3.463749097777886,3.1117309955244536,7.72336998880572,15.68205424608118,0.009865143400020315,16,10,916.0871804784629,4,3,13.977272727272727,23,3,True,True,True,High-Demand,"(10, 10, 10, 9, 5)"
14,2859898362,Evening,385,383,3.568397811347331,3.1560558356532056,8.558857335458573,15.839014259488522,0.00021911197598001309,13,10,917.0154337996235,4,2,14.0,24,5,True,True,True,High-Demand,"(10, 10, 10, 9, 5)"
15,1908601667,Evening,385,382,3.4357816169841744,3.310461518346301,6.703841102474996,14.935181498319025,0.00432193946062398,8,6,956.7189623020456,5,3,13.977272727272727,22,2,True,True,True,High-Demand,"(10, 10, 10, 9, 5)"
16,726301638,Evening,385,383,3.6415916468047063,3.3392178557364787,7.900464598862001,16.518478168701563,0.03599186792280307,13,10,917.1237184637697,5,2,14.0,22,3,True,True,True,High-Demand,"(10, 10, 10, 9, 5)"
17,2584016318,Evening,385,384,3.683424343217807,3.392686350970962,9.940506124978974,16.92321742996569,0.024952586187282577,13,10,916.4275109301592,5,1,14.022727272727273,21,2,True,True,True,High-Demand,"(10, 10, 10, 9, 5)"
18,4074852312,Evening,385,384,3.560440451723912,3.348584677921849,7.150011638647944,17.136367206147156,0.04708919811605483,14,10,916.7301569356003,1,1,14.022727272727273,23,3,True,True,True,High-Demand,"(10, 10, 10, 9, 5)"
19,3205241267,Evening,385,384,3.6809877640674267,3.445485724624291,8.866360838545843,16.953893595374552,0.07447489724643219,10,10,916.8522991924639,5,1,14.022727272727273,22,5,True,True,True,High-Demand,"(10, 10, 10, 9, 5)"
20,1304481603,Evening,385,384,3.5476024494434064,3.3003350559229716,8.430948845926006,16.777509143934708,0.022314174747066318,11,10,916.7152678842389,4,1,14.022727272727273,24,5,True,True,True,High-Demand,"(10, 10, 10, 9, 5)"
21,2726751603,Evening,385,383,3.5296237800332495,3.1522399725749892,8.836990231625858,16.07671561680354,0.008421130416991218,11,10,915.2657529683032,3,2,14.0,22,4,True,True,True,High-Demand,"(10, 10, 10, 9, 5)"
22,2114242019,Evening,385,384,3.479392492268014,3.1146088901062967,8.653780284427073,13.259527180269856,0.007624815465192114,8,6,968.266986507913,4,1,14.022727272727273,23,5,True,True,True,High-Demand,"(10, 10, 10, 9, 5)"
23,1147627710,Evening,385,385,3.530455909039222,3.2829629006066625,8.141200334947639,14.010069642824533,0.014191329126788332,11,6,1016.7693350061984,2,0,14.045454545454545,26,1,True,True,True,High-Demand,"(10, 10, 10, 9, 5)"
24,2483435858,Evening,385,384,3.4153807285708297,3.095234250124804,7.112913408980823,15.314428314622887,0.00949353105420414,11,10,935.0108495638648,4,1,14.022727272727273,24,2,True,True,True,High-Demand,"(10, 10, 10, 9, 5)"
25,3210783261,Evening,385,382,3.3035358226344806,3.1245809079742344,6.6719683206723035,15.376414219131675,0.007543499285702637,10,10,914.6996199327717,5,3,13.977272727272727,22,5,True,True,True,High-Demand,"(10, 10, 10, 9, 5)"
26,1843101495,Evening,385,384,3.4455465149341253,3.1679896157811527,7.307741434113513,14.998898738842627,0.020277448387332697,11,10,917.1062221849553,3,1,14.022727272727273,21,4,True,True,True,High-Demand,"(10, 10, 10, 9, 5)"
27,1807795135,Evening,385,383,3.5637945422007653,3.3155648548624868,8.6989059716052,14.171478521084396,0.05953111718110904,10,10,915.4136518925555,5,2,14.0,22,3,True,True,True,High-Demand,"(10, 10, 10, 9, 5)"
28,650419918,Evening,385,382,3.4255692545895986,3.198707869319378,6.703029487751016,14.105461253974,0.0010528572308885487,10,6,920.2219540040184,5,3,13.977272727272727,23,4,True,True,True,High-Demand,"(10, 10, 10, 9, 5)"
29,982532350,Evening,385,384,3.4752904524879917,3.218729550916919,7.538946552518059,15.637565894977797,0.007867593840956033,15,10,916.3532556292231,2,1,14.022727272727273,23,5,True,True,True,High-Demand,"(10, 10, 10, 9, 5)"
30,1193431242,Evening,385,383,3.645193298532918,3.6593038036987764,7.068040246547101,16.504028500808545,0.014831046585527474,12,6,938.4068817034441,5,2,14.004545454545454,27,3,True,True,True,High-Demand,"(10, 10, 10, 9, 5)"
1,479243620,Morning,500,497,3.789218464448629,3.33178202450506,8.618518155457785,11.95898804878334,0.003187015409594096,19,10,434.96542213998094,7,3,17.6,32,8,True,True,True,Reduced-Service,"(6, 9, 11, 7, 5)"
2,454024514,Morning,500,500,3.8830684499000925,3.4934274475002667,9.51208879578067,11.983656719738633,0.006061879098240297,19,10,448.39374088555894,4,0,17.678947368421053,28,7,True,True,True,Reduced-Service,"(6, 9, 11, 7, 5)"
3,1818751028,Morning,500,499,3.803963599711965,3.3549660926100273,8.996839223048967,13.21331910406343,0.005737748686499344,21,10,434.971788088299,2,1,17.652631578947368,28,8,True,True,True,Reduced-Service,"(6, 9, 11, 7, 5)"
4,2288458700,Morning,500,500,3.990622547251589,3.6648257477245068,9.125248014718238,13.20312203868724,0.007726161567973122,18,10,423.77562567176415,3,0,17.678947368421053,31,7,True,True,True,Reduced-Service,"(6, 9, 11, 7, 5)"
5,2115331525,Morning,500,498,3.92815454926985,3.8950973590510216,9.218726283620091,13.596917601018276,0.007950727526576884,16,10,434.6427093701544,7,2,17.626315789473683,34,6,True,True,True,Reduced-Service,"(6, 9, 11, 7, 5)"
6,2666256175,Morning,500,497,3.8812607423457113,3.7204013226955226,8.727451586533402,13.051211047430002,0.014015810545402019,17,10,434.9207774437665,4,3,17.6,29,7,True,True,True,Reduced-Service,"(6, 9, 11, 7, 5)"
7,975381835,Morning,500,497,3.938920085737661,3.6580930993603715,8.822245055639096,13.48551905767215,0.02089878203389617,24,10,434.57272661388475,5,3,17.6,36,7,True,True,True,Reduced-Service,"(6, 9, 11, 7, 5)"
8,2535166222,Morning,500,499,3.9469699706955734,3.7571355352204137,8.962446392190667,11.557112561809959,0.0011347213426802227,19,10,434.3250761334851,1,1,17.652631578947368,29,8,True,True,True,Reduced-Service,"(6, 9, 11, 7, 5)"
9,1079577930,Morning,500,498,4.2236712010565665,3.90766626027289,9.446082765949498,13.580767213477884,0.0037092929691766585,18,10,434.293169737794,2,2,17.626315789473683,30,9,True,True,True,Reduced-Service,"(6, 9, 11, 7, 5)"
10,3715024065,Morning,500,497,3.757584788981263,3.464212055377061,8.86268797435332,13.486920756799918,0.0009525897623916535,19,10,434.9353626720061,5,3,17.6,29,7,True,True,True,Reduced-Service,"(6, 9, 11, 7, 5)"
11,2056590929,Morning,500,498,4.077531137783495,3.8183803343120815,8.702717614738912,13.531311932766016,0.006288822125497973,19,10,434.5715596321972,3,2,17.626315789473683,30,8,True,True,True,Reduced-Service,"(6, 9, 11, 7, 5)"
12,3339987600,Morning,500,498,3.974458374112745,3.5785548580701345,9.451678742532744,12.292990310280345,0.004740895156203351,21,10,433.0388671303018,6,2,17.626315789473683,31,9,True,True,True,Reduced-Service,"(6, 9, 11, 7, 5)"
13,1788010607,Morning,500,498,3.9278820020954814,3.6394180400349967,9.03858495027533,12.07130566933995,0.0006191449456878217,16,10,372.2366134308467,7,2,17.626315789473683,31,6,True,True,True,Reduced-Service,"(6, 9, 11, 7, 5)"
14,2859898362,Morning,500,498,3.6262975855204953,3.295264961655704,8.938841722124286,13.907318279754463,0.029827652443032093,18,10,461.57913476921277,4,2,17.626315789473683,31,9,True,True,True,Reduced-Service,"(6, 9, 11, 7, 5)"
15,1908601667,Morning,500,499,3.87659881939196,3.5972452218239823,9.39212223299966,11.653039944017564,0.014349477492942242,26,10,434.4880151363816,3,1,17.652631578947368,37,6,True,True,True,Reduced-Service,"(6, 9, 11, 7, 5)"
16,726301638,Morning,500,499,3.940997856916102,3.514788569713005,9.125524855114847,13.519479712471593,0.00016830666163514252,17,10,434.7410938686076,4,1,17.652631578947368,31,6,True,True,True,Reduced-Service,"(6, 9, 11, 7, 5)"
17,2584016318,Morning,500,498,3.717593474090704,3.269143038415905,8.67490143583085,12.967363556376029,0.007818125280550703,17,10,495.8513104742976,5,2,17.626315789473683,30,7,True,True,True,Reduced-Service,"(6, 9, 11, 7, 5)"
18,4074852312,Morning,500,498,3.74014283436066,3.4322523014097044,9.325115525313842,12.172870366722066,0.00022886715407821612,17,10,474.20034634012774,5,2,17.626315789473683,32,8,True,True,True,Reduced-Service,"(6, 9, 11, 7, 5)"
19,3205241267,Morning,500,499,4.062071999879192,3.6842185112151355,9.26709717999567,13.902792810592132,0.021513845352274075,17,10,392.4245064476198,2,1,17.652631578947368,30,7,True,True,True,Reduced-Service,"(6, 9, 11, 7, 5)"
20,1304481603,Morning,500,499,4.180641668531462,4.1113935208894645,9.007473182045644,12.61082879928989,0.012732200529455895,18,10,434.37935433887094,2,1,17.652631578947368,31,8,True,True,True,Reduced-Service,"(6, 9, 11, 7, 5)"
21,2726751603,Morning,500,499,3.801103716416146,3.5026141733057443,8.632769632179292,12.32784279672245,0.045358443671716486,20,10,434.7087910641992,3,1,17.652631578947368,30,7,True,True,True,Reduced-Service,"(6, 9, 11, 7, 5)"
22,2114242019,Morning,500,499,4.010620453277709,3.705520357350565,8.792700215982006,13.534434911159622,0.0065433339320861705,17,10,495.9332711356441,3,1,17.652631578947368,28,9,True,True,True,Reduced-Service,"(6, 9, 11, 7, 5)"
23,1147627710,Morning,500,496,3.795847075429677,3.261804862699563,8.717911248565414,12.635694593506571,0.005985087315934834,18,10,434.370419403945,6,4,17.573684210526316,30,6,True,True,True,Reduced-Service,"(6, 9, 11, 7, 5)"
24,2483435858,Morning,500,498,3.8080225045211,3.6000945278445045,8.631595562948856,12.391867265424139,0.00797099993746997,15,10,413.0769325731561,5,2,17.626315789473683,29,9,True,True,True,Reduced-Service,"(6, 9, 11, 7, 5)"
25,3210783261,Morning,500,496,3.918529873379233,3.5207650960359445,9.14050973233904,12.043569545931973,0.0011201015772144274,21,10,435.03372817614405,7,4,17.573684210526316,30,7,True,True,True,Reduced-Service,"(6, 9, 11, 7, 5)"
26,1843101495,Morning,500,498,3.866703305264508,3.592605135401044,9.435754404210925,12.903961565622012,0.011737801331321407,19,10,481.2308213145075,7,2,17.626315789473683,32,7,True,True,True,Reduced-Service,"(6, 9, 11, 7, 5)"
27,1807795135,Morning,500,499,3.818276996959003,3.2692574883744783,9.271115036566094,12.566749752430667,0.0052895835298159,19,10,434.79145569169015,1,1,17.652631578947368,33,8,True,True,True,Reduced-Service,"(6, 9, 11, 7, 5)"
28,650419918,Morning,500,497,3.984582697418457,3.7931573436683266,8.868996454498188,13.9791872736281,0.030932232944110183,17,10,481.6934188676624,5,3,17.6,31,8,True,True,True,Reduced-Service,"(6, 9, 11, 7, 5)"
29,982532350,Morning,500,498,3.8254147056778804,3.6228656659723697,8.801465052989194,11.822491870509225,0.02730383879418241,18,10,481.48061999957,6,2,17.626315789473683,36,8,True,True,True,Reduced-Service,"(6, 9, 11, 7, 5)"
30,1193431242,Morning,500,491,3.835179029852275,3.5928284712515506,8.743404877168388,11.94633101800423,0.0037480721015867857,17,10,423.9357400167478,10,9,17.442105263157895,29,8,True,True,True,Reduced-Service,"(6, 9, 11, 7, 5)"
1,479243620,Evening,276,276,4.034578099104067,3.7954062442217946,7.6491820713422385,17.15337282026144,0.010135665771485947,8,6,1048.942776641282,2,0,13.8,25,1,True,True,True,Reduced-Service,"(8, 8, 9, 10, 4)"
2,454024514,Evening,276,275,3.9921576797200014,3.84275063994437,7.452439046189091,12.827333093410061,0.050540860326577786,8,6,940.6967511275357,1,1,13.774358974358975,25,5,True,True,True,Reduced-Service,"(8, 8, 9, 10, 4)"
3,1818751028,Evening,276,275,3.842552291002526,3.5916816173426014,8.527677421202137,15.863718134406554,0.0033995469780165877,9,6,948.3986667249292,4,1,13.774358974358975,26,4,True,True,True,Reduced-Service,"(8, 8, 9, 10, 4)"
4,2288458700,Evening,276,275,3.8451141745583843,3.657422592903231,8.393394931966183,16.794649365062014,0.0012462713907552825,8,6,1069.2508274641937,2,1,13.774358974358975,23,2,True,True,True,Reduced-Service,"(8, 8, 9, 10, 4)"
5,2115331525,Evening,276,276,4.049214963414548,3.609954553598186,9.683700629129987,17.1874137524062,0.10372497032369665,8,6,955.4039586331177,3,0,13.8,25,3,True,True,True,Reduced-Service,"(8, 8, 9, 10, 4)"
6,2666256175,Evening,276,272,3.830689705275349,3.4760081924912356,8.34140937483965,17.81710774211126,0.03141263039117348,11,10,916.7271298463982,7,4,13.707692307692307,24,2,True,True,True,Reduced-Service,"(8, 8, 9, 10, 4)"
7,975381835,Evening,276,276,3.8769377725306353,3.3397091887994748,10.512375242441237,17.199306267979523,0.00024126162907123216,8,10,916.9766430286089,3,0,13.8,23,2,True,True,True,Reduced-Service,"(8, 8, 9, 10, 4)"
8,2535166222,Evening,276,274,3.9543664923215736,3.6597233257687094,8.639488485033414,14.716233533284367,0.0037283088302046963,8,6,1068.6613962298393,4,2,13.748717948717948,24,1,True,True,True,Reduced-Service,"(8, 8, 9, 10, 4)"
9,1079577930,Evening,276,273,3.8617574271565083,3.7437365380674237,7.557544095161342,16.707308580350855,0.0120920562842457,8,6,955.1601146040545,5,3,13.723076923076922,25,3,True,True,True,Reduced-Service,"(8, 8, 9, 10, 4)"
10,3715024065,Evening,276,275,3.8011542698871414,3.4636531852021335,7.406829177410512,14.858145806876337,0.0009975974037388369,8,6,910.695302844857,3,1,13.774358974358975,26,4,True,True,True,Reduced-Service,"(8, 8, 9, 10, 4)"
11,2056590929,Evening,276,275,3.6792288002261153,3.3525485940458566,7.716579077813467,17.661362923696288,0.019983500970738532,8,6,963.4429155936563,5,1,13.774358974358975,24,5,True,True,True,Reduced-Service,"(8, 8, 9, 10, 4)"
12,3339987600,Evening,276,274,4.233374802675996,4.002162283157418,9.892359371418696,17.724117874359195,0.023402509924380865,10,6,1062.8066906667495,5,2,13.748717948717948,27,2,True,True,True,Reduced-Service,"(8, 8, 9, 10, 4)"
13,1788010607,Evening,276,273,3.9412368309958214,3.6386872052878516,9.800734204201031,16.43205424608118,0.042942147385588214,10,10,916.0871804784629,3,3,13.723076923076922,23,4,True,True,True,Reduced-Service,"(8, 8, 9, 10, 4)"
14,2859898362,Evening,276,274,3.949788679789465,3.605137071495335,9.108222268841654,16.589014259488522,0.0347048410961861,10,10,917.2005686504348,4,2,13.748717948717948,26,5,True,True,True,Reduced-Service,"(8, 8, 9, 10, 4)"
15,1908601667,Evening,276,274,3.9635027844359265,3.773893711858591,8.335086945928118,15.685181498319025,0.04943309325881273,9,6,954.9426127905409,5,2,13.76923076923077,26,3,True,True,True,Reduced-Service,"(8, 8, 9, 10, 4)"
16,726301638,Evening,276,273,3.860757174140345,3.6567795624175687,8.26960523702387,17.268478168701563,0.009674163835370564,10,10,917.1237184637697,4,3,13.723076923076922,23,2,True,True,True,Reduced-Service,"(8, 8, 9, 10, 4)"
17,2584016318,Evening,276,276,4.137013361606736,3.213818987136392,11.128930429925305,17.67321742996569,0.026975934744996266,12,10,916.4275109301592,3,0,13.8,24,5,True,True,True,Reduced-Service,"(8, 8, 9, 10, 4)"
18,4074852312,Evening,276,275,4.231162435079904,4.235030147151178,8.29384459260787,14.710078225878192,0.025865228077122993,9,6,947.9838443750558,3,1,13.774358974358975,26,4,True,True,True,Reduced-Service,"(8, 8, 9, 10, 4)"
19,3205241267,Evening,276,275,4.220309891577863,3.639240612675394,10.356536269385458,17.703893595374552,0.06721665552095146,8,10,917.660675623624,2,1,13.774358974358975,23,5,True,True,True,Reduced-Service,"(8, 8, 9, 10, 4)"
20,1304481603,Evening,276,272,4.220485120350782,3.8267381898403414,10.492430579299196,17.527509143934708,0.0069774963842519355,9,10,916.7152678842389,6,4,13.702564102564102,24,3,True,True,True,Reduced-Service,"(8, 8, 9, 10, 4)"
21,2726751603,Evening,276,274,4.041850924190316,3.9649885684264063,9.5463227880149,16.82671561680354,0.05767816056470565,8,6,1076.3154272543677,4,2,13.748717948717948,24,2,True,True,True,Reduced-Service,"(8, 8, 9, 10, 4)"
22,2114242019,Evening,276,275,4.151289690096702,3.651036237610697,10.151412739095374,14.805438427570152,0.0027477653461573937,9,10,917.2317388015781,4,1,13.774358974358975,22,4,True,True,True,Reduced-Service,"(8, 8, 9, 10, 4)"
23,1147627710,Evening,276,276,3.8749702458477286,3.567340367777149,8.06141511949994,14.760069642824533,0.005690178316399397,7,6,933.5712045058854,3,0,13.8,24,2,True,True,True,Reduced-Service,"(8, 8, 9, 10, 4)"
24,2483435858,Evening,276,274,4.305722894779119,4.092551585072897,7.930277865788659,16.064428314622887,0.015536616624103772,9,6,938.2082484721475,3,2,13.748717948717948,26,4,True,True,True,Reduced-Service,"(8, 8, 9, 10, 4)"
25,3210783261,Evening,276,273,3.8025701546977,3.581722141133014,7.453970045141431,14.903181325301603,0.07937269706803818,8,6,970.3790317696676,6,3,13.723076923076922,23,4,True,True,True,Reduced-Service,"(8, 8, 9, 10, 4)"
26,1843101495,Evening,276,274,3.755458366981029,3.417123256710397,7.450417811999738,15.748898738842627,0.029557355311226274,11,10,917.6018352451927,4,2,13.753846153846155,22,2,True,True,True,Reduced-Service,"(8, 8, 9, 10, 4)"
27,1807795135,Evening,276,275,3.910321523015406,3.5183530470396818,9.917134458424144,14.921478521084396,0.01111160235564057,7,10,915.2105292265817,4,1,13.774358974358975,22,1,True,True,True,Reduced-Service,"(8, 8, 9, 10, 4)"
28,650419918,Evening,276,273,4.0701198022142195,3.639164988805078,7.58706486120879,14.855461253974,0.024403249037050045,8,6,918.6734940684664,4,3,13.723076923076922,24,3,True,True,True,Reduced-Service,"(8, 8, 9, 10, 4)"
29,982532350,Evening,276,276,3.922189312496924,3.4779700400740694,9.410682852478999,15.726962406886969,0.015963731785291202,11,10,916.3532556292231,3,0,13.8,23,5,True,True,True,Reduced-Service,"(8, 8, 9, 10, 4)"
30,1193431242,Evening,276,274,3.6712921707159625,3.4584419990105175,7.919211447762788,17.254028500808545,0.015102344642173193,8,6,933.600656665558,6,2,13.753846153846155,24,2,True,True,True,Reduced-Service,"(8, 8, 9, 10, 4)"
1,479243620,Morning,698,694,3.9525298036209784,3.7739264632156733,8.648672289250618,11.262762105422041,0.003928616336793311,22,10,504.47920497603866,6,4,19.989473684210527,43,7,True,True,True,Combined,"(7, 11, 8, 6, 6)"
2,454024514,Morning,698,697,3.8899341973799677,3.7206999853527805,8.291486268430457,9.949243574198022,0.019134788046528683,22,10,504.5839075682765,4,1,20.068421052631578,44,6,True,True,True,Combined,"(7, 11, 8, 6, 6)"
3,1818751028,Morning,698,697,4.168789267075418,4.073766682863436,8.809937761218134,12.499033389777708,0.005737748686499344,26,10,434.036358735231,2,1,20.068421052631578,49,7,True,True,True,Combined,"(7, 11, 8, 6, 6)"
4,2288458700,Morning,698,698,3.9640339116686705,3.5504019424959097,8.575988234474794,13.143244337475323,0.003872697802080438,27,10,497.0795823521672,2,0,20.094736842105263,42,6,True,True,True,Combined,"(7, 11, 8, 6, 6)"
5,2115331525,Morning,698,696,4.023909142146408,3.899334452467542,8.575971243956275,12.882631886732554,0.0021376879701620055,21,10,511.27537502381864,5,2,20.042105263157893,44,6,True,True,True,Combined,"(7, 11, 8, 6, 6)"
6,2666256175,Morning,698,695,4.170164023372883,3.9265969806076555,8.872888189376374,12.33692533314428,0.017816163337840862,24,10,526.3127102721676,4,3,20.01578947368421,44,6,True,True,True,Combined,"(7, 11, 8, 6, 6)"
7,975381835,Morning,698,695,4.0467606284536215,3.993432513649225,8.675392974091674,12.771233343386427,0.0033978930136981944,26,10,434.4177768504782,6,3,20.01578947368421,42,7,True,True,True,Combined,"(7, 11, 8, 6, 6)"
8,2535166222,Morning,698,697,4.1018727026824795,3.930005293994668,8.402041912770253,10.842826847524236,0.011718716002974361,26,10,434.3250761334851,2,1,20.068421052631578,43,7,True,True,True,Combined,"(7, 11, 8, 6, 6)"
9,1079577930,Morning,698,695,4.075147841988046,3.7023089525179103,9.005754112820375,12.866481499192162,0.03189048101091885,22,10,434.293169737794,4,3,20.01578947368421,42,7,True,True,True,Combined,"(7, 11, 8, 6, 6)"
10,3715024065,Morning,698,696,4.0405068710997005,3.8625367082313744,8.841183944364673,12.772635042514196,0.016675269422648853,28,10,434.24811439415896,3,2,20.042105263157893,41,6,True,True,True,Combined,"(7, 11, 8, 6, 6)"
11,2056590929,Morning,698,697,4.070955787617162,3.965709540651801,8.301191239920621,12.817026218480294,0.006288822125497973,25,10,526.6910117371492,2,1,20.068421052631578,46,7,True,True,True,Combined,"(7, 11, 8, 6, 6)"
12,3339987600,Morning,698,697,4.070138182162787,3.799367985733852,8.863184068492886,12.87017831028146,0.005122481165983572,23,10,483.32437567773036,3,1,20.068421052631578,41,8,True,True,True,Combined,"(7, 11, 8, 6, 6)"
13,1788010607,Morning,698,697,3.8701972994318923,3.638787901796718,8.414152464095192,11.357019955054227,0.002043552863938203,24,10,434.42292139878697,3,1,20.068421052631578,45,6,True,True,True,Combined,"(7, 11, 8, 6, 6)"
14,2859898362,Morning,698,696,4.053346621476526,3.873712518918069,8.734964581533177,13.19303256546874,0.027696536945768457,23,10,495.9088499822273,3,2,20.042105263157893,41,8,True,True,True,Combined,"(7, 11, 8, 6, 6)"
15,1908601667,Morning,698,698,3.8471790840241136,3.513494995913362,8.44136497372495,11.863700557949414,0.004327524414350137,30,10,433.95148724315106,0,0,20.094736842105263,43,5,True,True,True,Combined,"(7, 11, 8, 6, 6)"
16,726301638,Morning,698,697,4.009496481559672,3.722739827585542,8.497259823195828,12.98380646605375,7.381635123238084e-05,23,10,434.08740231351277,2,1,20.068421052631578,40,7,True,True,True,Combined,"(7, 11, 8, 6, 6)"
17,2584016318,Morning,698,697,4.061518261392823,3.836808594436093,8.959653112556564,12.833823285191897,0.0006342641509036184,23,10,434.3755694854563,3,1,20.068421052631578,40,6,True,True,True,Combined,"(7, 11, 8, 6, 6)"
18,4074852312,Morning,698,696,4.070237565959713,3.823887940258828,8.752586091892852,11.458584652436343,0.010483771946326215,26,10,511.3215840945765,3,2,20.042105263157893,44,7,True,True,True,Combined,"(7, 11, 8, 6, 6)"
19,3205241267,Morning,698,696,4.019890890425636,3.8795850084616745,8.385193342388135,13.18850709630641,0.006140926831790239,24,10,424.6445644616253,3,2,20.042105263157893,43,6,True,True,True,Combined,"(7, 11, 8, 6, 6)"
20,1304481603,Morning,698,697,3.893501039493315,3.5686820616953696,8.608321627159714,11.896543085004168,0.00558768002161969,22,10,527.0340642298193,2,1,20.068421052631578,41,7,True,True,True,Combined,"(7, 11, 8, 6, 6)"
21,2726751603,Morning,698,696,4.024446680248165,3.8237075868084105,8.605496694000266,13.242663153662761,0.0019934030600552433,27,10,434.1839564986334,4,2,20.042105263157893,44,7,True,True,True,Combined,"(7, 11, 8, 6, 6)"
22,2114242019,Morning,698,697,3.9326856360319873,3.6649418741223485,8.360863529058701,12.8201491968739,0.0027890110999351236,25,10,496.6397033348714,2,1,20.068421052631578,41,7,True,True,True,Combined,"(7, 11, 8, 6, 6)"
23,1147627710,Morning,698,692,3.920427862711976,3.6445453369340726,8.467544694013835,11.921408879220849,0.015760445273997448,28,10,434.370419403945,7,6,19.936842105263157,46,5,True,True,True,Combined,"(7, 11, 8, 6, 6)"
24,2483435858,Morning,698,696,3.945958614338902,3.741583891574095,8.478659858343931,11.677581551138417,0.001261819003502751,20,10,497.12738227957976,4,2,20.042105263157893,41,8,True,True,True,Combined,"(7, 11, 8, 6, 6)"
25,3210783261,Morning,698,693,3.9632691178295425,3.6301144747727108,8.54473893069212,11.32928383164625,0.0031560407074380237,24,10,504.5213737625526,6,5,19.96315789473684,45,7,True,True,True,Combined,"(7, 11, 8, 6, 6)"
26,1843101495,Morning,698,696,4.025150290551461,3.672709610768379,8.624994270001906,12.50879668884403,0.0048930654461969425,23,10,488.71050870877735,8,2,20.042105263157893,41,6,True,True,True,Combined,"(7, 11, 8, 6, 6)"
27,1807795135,Morning,698,696,4.0948753659209745,3.8036120502516724,8.9143651424789,11.852464038144944,0.00329319270031192,22,10,527.0388475309115,4,2,20.042105263157893,46,8,True,True,True,Combined,"(7, 11, 8, 6, 6)"
28,650419918,Morning,698,695,4.046247313104661,3.9027498351035206,8.539737079429402,13.264901559342377,0.007490803539326407,25,10,527.0684565671946,5,3,20.01578947368421,47,8,True,True,True,Combined,"(7, 11, 8, 6, 6)"
29,982532350,Morning,698,695,4.015767703321065,3.80298036582451,8.968919841068221,11.076506530871711,0.0070845927980371926,24,10,504.52923505821684,4,3,20.01578947368421,43,7,True,True,True,Combined,"(7, 11, 8, 6, 6)"
30,1193431242,Morning,698,688,3.9447324373692956,3.857050537731908,8.287643467571149,9.933444465390494,0.00811832948272695,26,10,534.0398255317218,11,10,19.83157894736842,46,8,True,True,True,Combined,"(7, 11, 8, 6, 6)"
1,479243620,Evening,385,385,4.155421344611294,4.167968320903356,7.975188406134882,17.689087105975773,0.013965479907028566,12,6,946.3968520273014,3,0,15.666666666666666,34,5,True,True,True,Combined,"(7, 8, 9, 8, 7)"
2,454024514,Evening,385,384,3.9964839367068437,3.783297437009935,7.7379670033242265,15.88223984116803,0.05650589614810997,11,6,945.7548366857956,2,1,15.64102564102564,31,5,True,True,True,Combined,"(7, 8, 9, 8, 7)"
3,1818751028,Evening,385,385,3.9960594748093845,3.645649970779232,7.989150104714551,17.88634308780695,0.0033995469780165877,11,6,945.3502009100496,4,0,15.666666666666666,31,3,True,True,True,Combined,"(7, 8, 9, 8, 7)"
4,2288458700,Evening,385,384,3.969174955637057,3.9012567719848334,7.872514880996069,18.30898014306581,0.028376301571370277,10,6,1135.7087485457096,2,1,15.64102564102564,28,3,True,True,True,Combined,"(7, 8, 9, 8, 7)"
5,2115331525,Evening,385,384,4.075618557633907,3.9939774992342336,7.818184330916597,17.723128038120535,0.006483072723995065,9,6,955.4039586331177,3,1,15.64102564102564,29,2,True,True,True,Combined,"(7, 8, 9, 8, 7)"
6,2666256175,Evening,385,385,3.9584566243670327,3.8588081388336377,7.636160608847942,18.352822027825596,0.015494900762973884,16,10,917.6871103973571,3,0,15.666666666666666,31,5,True,True,True,Combined,"(7, 8, 9, 8, 7)"
7,975381835,Evening,385,385,4.133693507213657,3.9815708121977877,7.816261080866024,17.735020553693857,0.00024126162907123216,12,10,916.9766430286089,1,0,15.666666666666666,29,4,True,True,True,Combined,"(7, 8, 9, 8, 7)"
8,2535166222,Evening,385,384,4.029791486493586,4.01886972454929,8.064344971086578,17.934343142214402,0.0037283088302046963,13,10,917.7580200280369,2,1,15.64102564102564,31,3,True,True,True,Combined,"(7, 8, 9, 8, 7)"
9,1079577930,Evening,385,383,3.934722601765141,3.8914431035395864,7.916477019404385,17.24302286606519,0.0120920562842457,11,6,955.1601146040545,4,2,15.615384615384615,32,3,True,True,True,Combined,"(7, 8, 9, 8, 7)"
10,3715024065,Evening,385,384,3.856214734676272,3.661077140484508,7.742495898172631,17.563142876917937,0.0009975974037388369,11,6,945.8823154061226,1,1,15.64102564102564,31,5,True,True,True,Combined,"(7, 8, 9, 8, 7)"
11,2056590929,Evening,385,384,3.816904556448319,3.6910805644268976,7.907173668023966,18.197077209410622,0.0035986481118470692,12,10,918.1985253411076,5,1,15.64102564102564,30,4,True,True,True,Combined,"(7, 8, 9, 8, 7)"
12,3339987600,Evening,385,382,3.9563505387553826,3.7143276677166455,8.085168593593577,18.25983216007353,0.02201629830597085,13,10,934.4192079139107,5,3,15.58974358974359,29,4,True,True,True,Combined,"(7, 8, 9, 8, 7)"
13,1788010607,Evening,385,382,3.988403174068091,3.7796269641286244,7.649611708928142,16.967768531795514,0.06902475600747948,16,10,916.0871804784629,3,3,15.58974358974359,30,5,True,True,True,Combined,"(7, 8, 9, 8, 7)"
14,2859898362,Evening,385,383,4.062109734758991,4.099082032896149,7.536398280721482,17.124728545202856,0.03259916748197611,14,10,917.2005686504348,2,2,15.615384615384615,33,3,True,True,True,Combined,"(7, 8, 9, 8, 7)"
15,1908601667,Evening,385,382,4.063000515014591,3.9764653147850026,7.84323579561028,16.22089578403336,0.04069866726763394,10,6,929.6751743314205,6,3,15.58974358974359,29,4,True,True,True,Combined,"(7, 8, 9, 8, 7)"
16,726301638,Evening,385,383,3.9869665069315285,3.6665715631932017,7.811748813704366,17.804192454415897,0.0007974860463946243,13,10,917.1237184637697,3,2,15.615384615384615,30,3,True,True,True,Combined,"(7, 8, 9, 8, 7)"
17,2584016318,Evening,385,384,3.9341404890511407,3.606966716110321,7.813276783578015,18.208931715680023,0.015551405114592853,13,10,916.4275109301592,4,1,15.64102564102564,29,3,True,True,True,Combined,"(7, 8, 9, 8, 7)"
18,4074852312,Evening,385,384,4.207389856485816,4.188471534561813,8.09043159040695,18.42208149186149,0.025865228077122993,15,10,918.0626153917578,2,1,15.64102564102564,28,2,True,True,True,Combined,"(7, 8, 9, 8, 7)"
19,3205241267,Evening,385,384,4.260393146011869,4.067299958298804,7.849994205757474,18.239607881088887,0.02731262578845417,12,6,912.4084599887586,2,1,15.64102564102564,31,3,True,True,True,Combined,"(7, 8, 9, 8, 7)"
20,1304481603,Evening,385,384,4.123371298649757,3.8163864668536007,8.225809149942556,18.063223429649042,0.0010605467000459612,11,10,916.7152678842389,2,1,15.64102564102564,29,3,True,True,True,Combined,"(7, 8, 9, 8, 7)"
21,2726751603,Evening,385,383,3.904993666891384,3.8401651302284563,7.228416513634704,17.362429902517874,0.030907349662584238,12,10,917.664560664705,3,2,15.615384615384615,29,1,True,True,True,Combined,"(7, 8, 9, 8, 7)"
22,2114242019,Evening,385,384,3.9515434099267472,3.7797271027915826,7.474768109354096,14.54524146598419,0.0027477653461573937,11,6,971.0786439313727,2,1,15.64102564102564,29,6,True,True,True,Combined,"(7, 8, 9, 8, 7)"
23,1147627710,Evening,385,385,3.9397447154708876,3.8082140036337933,7.899800512041927,15.295783928538867,0.005690178316399397,11,10,916.9036063751961,0,0,15.666666666666666,30,3,True,True,True,Combined,"(7, 8, 9, 8, 7)"
24,2483435858,Evening,385,384,3.9188126482136894,3.6177346649314472,7.4735835777951305,16.60014260033722,0.017842931245240834,12,6,938.2082484721475,5,1,15.64102564102564,31,2,True,True,True,Combined,"(7, 8, 9, 8, 7)"
25,3210783261,Evening,385,382,3.969357936820472,3.651763822115072,7.696534498753043,16.66212850484601,0.05446691424617711,10,10,914.6996199327717,3,3,15.58974358974359,29,2,True,True,True,Combined,"(7, 8, 9, 8, 7)"
26,1843101495,Evening,385,385,3.826243486974689,3.6432951617116487,7.904725249572788,16.28461302455696,0.029557355311226274,13,10,918.3938680593884,1,0,15.666666666666666,28,4,True,True,True,Combined,"(7, 8, 9, 8, 7)"
27,1807795135,Evening,385,384,3.8726207006174262,3.6599125379484576,7.849174282403867,15.45719280679873,0.01111160235564057,10,10,915.4136518925555,2,1,15.64102564102564,28,5,True,True,True,Combined,"(7, 8, 9, 8, 7)"
28,650419918,Evening,385,383,4.251552211428771,4.333509584455442,7.581902207593225,15.391175539688334,0.04913600350505476,13,6,921.0103938094335,4,2,15.615384615384615,32,4,True,True,True,Combined,"(7, 8, 9, 8, 7)"
29,982532350,Evening,385,384,4.2005012659800585,4.248203764751281,7.843888501385502,16.92328018069213,0.015963731785291202,17,10,918.2505741249493,2,1,15.64102564102564,27,4,True,True,True,Combined,"(7, 8, 9, 8, 7)"
30,1193431242,Evening,385,384,3.7352981798370393,3.5031450805583404,7.632445213772447,17.78974278652288,0.009603267458487608,17,6,938.4068817034441,4,1,15.64102564102564,37,4,True,True,True,Combined,"(7, 8, 9, 8, 7)"
