Scenario,Period,Method,Service Plan
Baseline,Morning,GA,"(8, 9, 12, 8, 6)"
Baseline,Morning,Regularized Reference,"(5, 12, 12, 8, 6)"
Baseline,Morning,Demand Rule,"(6, 12, 12, 8, 5)"
Baseline,Evening,GA,"(10, 10, 10, 8, 6)"
Baseline,Evening,Regularized Reference,"(8, 12, 11, 8, 5)"
Baseline,Evening,Demand Rule,"(12, 10, 10, 7, 5)"
High-Demand,Morning,GA,"(7, 12, 11, 7, 6)"
High-Demand,Morning,Regularized Reference,"(5, 12, 12, 8, 6)"
High-Demand,Morning,Demand Rule,"(6, 12, 12, 8, 5)"
High-Demand,Evening,GA,"(11, 8, 10, 8, 7)"
High-Demand,Evening,Regularized Reference,"(8, 12, 11, 8, 5)"
High-Demand,Evening,Demand Rule,"(12, 10, 10, 7, 5)"
Reduced-Service,Morning,GA,"(7, 9, 10, 7, 5)"
Reduced-Service,Morning,Regularized Reference,"(4, 11, 11, 7, 5)"
Reduced-Service,Morning,Demand Rule,"(5, 10, 12, 7, 4)"
Reduced-Service,Evening,GA,"(10, 7, 10, 6, 6)"
Reduced-Service,Evening,Regularized Reference,"(7, 11, 10, 7, 4)"
Reduced-Service,Evening,Demand Rule,"(10, 9, 9, 7, 4)"
Combined,Morning,GA,"(7, 9, 10, 7, 5)"
Combined,Morning,Regularized Reference,"(4, 11, 11, 7, 5)"
Combined,Morning,Demand Rule,"(5, 10, 12, 7, 4)"
Combined,Evening,GA,"(10, 7, 10, 8, 4)"
Combined,Evening,Regularized Reference,"(7, 11, 10, 7, 4)"
Combined,Evening,Demand Rule,"(10, 9, 9, 7, 4)"
