Time,Stop Sequence,Queue Length,Event,Scenario,Period
360.0,6,0,simulation_start,Combined,Morning
360.0,7,0,simulation_start,Combined,Morning
360.0,8,0,simulation_start,Combined,Morning
360.0,9,0,simulation_start,Combined,Morning
360.0,10,0,simulation_start,Combined,Morning
361.74070496606,10,1,passenger_arrival,Combined,Morning
362.02061161393146,10,2,passenger_arrival,Combined,Morning
362.1342528479979,10,3,passenger_arrival,Combined,Morning
364.8181331713625,10,4,passenger_arrival,Combined,Morning
364.8843138719732,10,5,passenger_arrival,Combined,Morning
365.11514477568096,10,6,passenger_arrival,Combined,Morning
365.55275532914465,10,7,passenger_arrival,Combined,Morning
365.61917437607997,10,8,passenger_arrival,Combined,Morning
366.1512281191576,10,9,passenger_arrival,Combined,Morning
368.4594855005591,10,10,passenger_arrival,Combined,Morning
368.50895913355475,6,1,passenger_arrival,Combined,Morning
368.5864740740416,10,11,passenger_arrival,Combined,Morning
368.7996708027604,10,12,passenger_arrival,Combined,Morning
368.96255079269673,10,13,passenger_arrival,Combined,Morning
369.682069916596,7,1,passenger_arrival,Combined,Morning
370.52068071036103,6,2,passenger_arrival,Combined,Morning
370.71666666666664,6,0,bus_arrival,Combined,Morning
371.4768435804072,10,14,passenger_arrival,Combined,Morning
371.4948496774429,10,15,passenger_arrival,Combined,Morning
372.4246899718932,10,16,passenger_arrival,Combined,Morning
373.01229698456297,6,1,passenger_arrival,Combined,Morning
373.3645984476904,10,17,passenger_arrival,Combined,Morning
373.4314515880964,10,18,passenger_arrival,Combined,Morning
373.53333333333336,7,0,bus_arrival,Combined,Morning
373.97774787653634,10,19,passenger_arrival,Combined,Morning
374.0,8,0,bus_arrival,Combined,Morning
374.1834362613309,10,20,passenger_arrival,Combined,Morning
374.2809210320082,10,21,passenger_arrival,Combined,Morning
375.09606155370756,10,22,passenger_arrival,Combined,Morning
375.1,9,0,bus_arrival,Combined,Morning
375.5759360620302,6,2,passenger_arrival,Combined,Morning
375.81296328279285,10,23,passenger_arrival,Combined,Morning
376.51929341748325,9,1,passenger_arrival,Combined,Morning
376.98009688450446,10,24,passenger_arrival,Combined,Morning
378.0,10,0,bus_arrival,Combined,Morning
380.5514376617488,10,1,passenger_arrival,Combined,Morning
381.5547084629066,10,2,passenger_arrival,Combined,Morning
381.64547693960435,10,3,passenger_arrival,Combined,Morning
382.71666666666664,6,0,bus_arrival,Combined,Morning
383.11567509961776,6,1,passenger_arrival,Combined,Morning
384.71551040419894,8,1,passenger_arrival,Combined,Morning
385.2574959862459,6,2,passenger_arrival,Combined,Morning
385.53333333333336,7,0,bus_arrival,Combined,Morning
385.58311621733736,10,4,passenger_arrival,Combined,Morning
385.70884269277184,10,5,passenger_arrival,Combined,Morning
385.8853363142402,10,6,passenger_arrival,Combined,Morning
386.0,8,0,bus_arrival,Combined,Morning
386.77007258494217,10,7,passenger_arrival,Combined,Morning
386.796208990653,10,8,passenger_arrival,Combined,Morning
387.1,9,0,bus_arrival,Combined,Morning
387.2769419622719,10,9,passenger_arrival,Combined,Morning
387.53446127914,10,10,passenger_arrival,Combined,Morning
387.94809573290837,10,11,passenger_arrival,Combined,Morning
389.8526564115288,10,12,passenger_arrival,Combined,Morning
390.0,10,0,bus_arrival,Combined,Morning
390.2842213205553,10,1,passenger_arrival,Combined,Morning
391.3787547240263,9,1,passenger_arrival,Combined,Morning
392.49632745140093,10,2,passenger_arrival,Combined,Morning
393.2206239194772,10,3,passenger_arrival,Combined,Morning
393.887807769305,10,4,passenger_arrival,Combined,Morning
395.93642958237825,6,3,passenger_arrival,Combined,Morning
396.0465009124538,6,4,passenger_arrival,Combined,Morning
396.3629619383606,10,5,passenger_arrival,Combined,Morning
397.42814211358643,10,6,passenger_arrival,Combined,Morning
398.1994325966255,10,7,passenger_arrival,Combined,Morning
399.0399768144715,10,8,passenger_arrival,Combined,Morning
399.08111752942136,10,9,passenger_arrival,Combined,Morning
399.14051679705176,9,2,passenger_arrival,Combined,Morning
401.5839345077759,9,3,passenger_arrival,Combined,Morning
402.041783217791,10,10,passenger_arrival,Combined,Morning
402.2703574279601,10,11,passenger_arrival,Combined,Morning
404.10105467014586,10,12,passenger_arrival,Combined,Morning
404.1304637725079,9,4,passenger_arrival,Combined,Morning
404.75670624997565,6,5,passenger_arrival,Combined,Morning
404.9,6,0,bus_arrival,Combined,Morning
406.1417048765324,10,13,passenger_arrival,Combined,Morning
406.7713565809956,10,14,passenger_arrival,Combined,Morning
407.1418298345271,10,15,passenger_arrival,Combined,Morning
407.2637180283583,10,16,passenger_arrival,Combined,Morning
407.28267026415574,10,17,passenger_arrival,Combined,Morning
407.82868000733765,10,18,passenger_arrival,Combined,Morning
407.96993612634003,10,19,passenger_arrival,Combined,Morning
408.4166666666667,7,0,bus_arrival,Combined,Morning
408.4525125320486,9,5,passenger_arrival,Combined,Morning
408.79459324868475,10,20,passenger_arrival,Combined,Morning
409.0,8,0,bus_arrival,Combined,Morning
410.1860702473962,10,21,passenger_arrival,Combined,Morning
410.3666666666667,9,0,bus_arrival,Combined,Morning
411.33282911967285,9,1,passenger_arrival,Combined,Morning
411.4209322564176,10,22,passenger_arrival,Combined,Morning
411.464764809324,10,23,passenger_arrival,Combined,Morning
412.53238397257394,10,24,passenger_arrival,Combined,Morning
412.61466360372947,10,25,passenger_arrival,Combined,Morning
412.9,6,0,bus_arrival,Combined,Morning
414.0,10,0,bus_arrival,Combined,Morning
414.19976282586185,6,1,passenger_arrival,Combined,Morning
415.398209703155,6,2,passenger_arrival,Combined,Morning
415.71479426352994,10,1,passenger_arrival,Combined,Morning
415.7959642199307,10,2,passenger_arrival,Combined,Morning
416.4166666666667,7,0,bus_arrival,Combined,Morning
417.0,8,0,bus_arrival,Combined,Morning
417.4529744840468,10,3,passenger_arrival,Combined,Morning
418.2608709055524,10,4,passenger_arrival,Combined,Morning
418.33164589015564,7,1,passenger_arrival,Combined,Morning
418.35776795284573,10,5,passenger_arrival,Combined,Morning
418.3666666666667,9,0,bus_arrival,Combined,Morning
418.38439002168866,10,6,passenger_arrival,Combined,Morning
419.76898324576905,10,7,passenger_arrival,Combined,Morning
420.34920186055666,10,8,passenger_arrival,Combined,Morning
420.8132198642497,10,9,passenger_arrival,Combined,Morning
420.9,6,0,bus_arrival,Combined,Morning
421.0770748040233,6,1,passenger_arrival,Combined,Morning
421.4054702625869,10,10,passenger_arrival,Combined,Morning
421.6742956028588,6,2,passenger_arrival,Combined,Morning
422.0,10,0,bus_arrival,Combined,Morning
422.5425979710928,7,2,passenger_arrival,Combined,Morning
422.60366119414266,10,1,passenger_arrival,Combined,Morning
422.88313154380273,10,2,passenger_arrival,Combined,Morning
423.0893198247109,10,3,passenger_arrival,Combined,Morning
423.17491460712733,6,3,passenger_arrival,Combined,Morning
423.3136392722331,10,4,passenger_arrival,Combined,Morning
423.46367837593345,10,5,passenger_arrival,Combined,Morning
423.57726164652314,10,6,passenger_arrival,Combined,Morning
423.7855411049411,10,7,passenger_arrival,Combined,Morning
424.4166666666667,7,0,bus_arrival,Combined,Morning
424.5656191947349,10,8,passenger_arrival,Combined,Morning
424.85734859225556,6,4,passenger_arrival,Combined,Morning
424.9908158171212,10,9,passenger_arrival,Combined,Morning
425.0,8,0,bus_arrival,Combined,Morning
425.307499059885,6,5,passenger_arrival,Combined,Morning
426.07826399206243,6,6,passenger_arrival,Combined,Morning
426.1849615780021,10,10,passenger_arrival,Combined,Morning
426.34213731588767,10,11,passenger_arrival,Combined,Morning
426.58141835772943,10,12,passenger_arrival,Combined,Morning
426.6333333333333,9,0,bus_arrival,Combined,Morning
426.67573898299054,10,13,passenger_arrival,Combined,Morning
427.04214237911395,6,7,passenger_arrival,Combined,Morning
427.1522861098173,7,1,passenger_arrival,Combined,Morning
427.8280172769004,10,14,passenger_arrival,Combined,Morning
427.9,6,0,bus_arrival,Combined,Morning
427.96006215938024,6,1,passenger_arrival,Combined,Morning
428.06302420459167,10,15,passenger_arrival,Combined,Morning
428.37227404201343,10,16,passenger_arrival,Combined,Morning
429.0386625423987,10,17,passenger_arrival,Combined,Morning
429.12835896422405,10,18,passenger_arrival,Combined,Morning
429.253675397542,6,2,passenger_arrival,Combined,Morning
429.3397194480674,10,19,passenger_arrival,Combined,Morning
429.7452667698387,6,3,passenger_arrival,Combined,Morning
429.97080066669923,9,1,passenger_arrival,Combined,Morning
430.3834873383958,10,20,passenger_arrival,Combined,Morning
430.88829599116553,10,21,passenger_arrival,Combined,Morning
431.0,10,0,bus_arrival,Combined,Morning
431.4166666666667,7,0,bus_arrival,Combined,Morning
431.59816903728904,6,4,passenger_arrival,Combined,Morning
431.618916200161,6,5,passenger_arrival,Combined,Morning
431.8944081213483,8,1,passenger_arrival,Combined,Morning
431.9733566857838,10,1,passenger_arrival,Combined,Morning
432.0,8,0,bus_arrival,Combined,Morning
432.2646562460841,10,2,passenger_arrival,Combined,Morning
432.5808102962119,10,3,passenger_arrival,Combined,Morning
432.7281081604337,10,4,passenger_arrival,Combined,Morning
432.7546011773129,10,5,passenger_arrival,Combined,Morning
432.8578199849398,10,6,passenger_arrival,Combined,Morning
433.25092821398295,10,7,passenger_arrival,Combined,Morning
433.3206496946897,6,6,passenger_arrival,Combined,Morning
433.6333333333333,9,0,bus_arrival,Combined,Morning
433.9,6,0,bus_arrival,Combined,Morning
434.9851424852752,10,8,passenger_arrival,Combined,Morning
435.83689722225176,10,9,passenger_arrival,Combined,Morning
435.86023595171537,10,10,passenger_arrival,Combined,Morning
436.03216140794586,10,11,passenger_arrival,Combined,Morning
436.4569932956952,10,12,passenger_arrival,Combined,Morning
437.40176194879643,10,13,passenger_arrival,Combined,Morning
437.4166666666667,7,0,bus_arrival,Combined,Morning
438.0,8,0,bus_arrival,Combined,Morning
438.0,10,0,bus_arrival,Combined,Morning
438.6216916864371,10,1,passenger_arrival,Combined,Morning
439.14358224297047,10,2,passenger_arrival,Combined,Morning
439.378899842392,9,1,passenger_arrival,Combined,Morning
439.4048753265352,10,3,passenger_arrival,Combined,Morning
439.6333333333333,9,0,bus_arrival,Combined,Morning
439.9,6,0,bus_arrival,Combined,Morning
439.9228797247346,10,4,passenger_arrival,Combined,Morning
439.97046157302276,10,5,passenger_arrival,Combined,Morning
440.40059006497603,10,6,passenger_arrival,Combined,Morning
440.550585188499,6,1,passenger_arrival,Combined,Morning
440.57048313457983,10,7,passenger_arrival,Combined,Morning
440.7036523262927,10,8,passenger_arrival,Combined,Morning
440.85978127756863,10,9,passenger_arrival,Combined,Morning
441.41385881041924,6,2,passenger_arrival,Combined,Morning
441.5434348589803,9,1,passenger_arrival,Combined,Morning
441.56743855803984,10,10,passenger_arrival,Combined,Morning
441.97969822689424,10,11,passenger_arrival,Combined,Morning
442.17347111477693,10,12,passenger_arrival,Combined,Morning
442.559132726501,10,13,passenger_arrival,Combined,Morning
442.7320764608202,10,14,passenger_arrival,Combined,Morning
443.4166666666667,7,0,bus_arrival,Combined,Morning
443.5076353907891,10,15,passenger_arrival,Combined,Morning
443.7377711658612,10,16,passenger_arrival,Combined,Morning
443.77844222444406,10,17,passenger_arrival,Combined,Morning
444.0,8,0,bus_arrival,Combined,Morning
444.0,10,0,bus_arrival,Combined,Morning
444.6593860987084,6,3,passenger_arrival,Combined,Morning
444.6715806946056,7,1,passenger_arrival,Combined,Morning
444.82787634199025,10,1,passenger_arrival,Combined,Morning
444.9,6,0,bus_arrival,Combined,Morning
444.98955315505395,10,2,passenger_arrival,Combined,Morning
445.2768767298363,9,2,passenger_arrival,Combined,Morning
445.6333333333333,9,0,bus_arrival,Combined,Morning
445.8154435958593,10,3,passenger_arrival,Combined,Morning
446.2406145908321,7,2,passenger_arrival,Combined,Morning
447.1513931572037,6,1,passenger_arrival,Combined,Morning
447.15839725007896,10,4,passenger_arrival,Combined,Morning
447.1630323587737,10,5,passenger_arrival,Combined,Morning
447.41831327830766,10,6,passenger_arrival,Combined,Morning
447.5572452785553,10,7,passenger_arrival,Combined,Morning
447.90157675839345,10,8,passenger_arrival,Combined,Morning
448.2851952432113,10,9,passenger_arrival,Combined,Morning
448.28892373502066,10,10,passenger_arrival,Combined,Morning
448.4166666666667,7,0,bus_arrival,Combined,Morning
448.52446302782084,6,2,passenger_arrival,Combined,Morning
449.0,8,0,bus_arrival,Combined,Morning
449.0909942066852,10,11,passenger_arrival,Combined,Morning
449.22935673010096,6,3,passenger_arrival,Combined,Morning
449.26480851713285,7,1,passenger_arrival,Combined,Morning
449.60012913686404,10,12,passenger_arrival,Combined,Morning
449.76139624469096,9,1,passenger_arrival,Combined,Morning
449.8156901642044,6,4,passenger_arrival,Combined,Morning
450.0,10,0,bus_arrival,Combined,Morning
450.0393120267363,10,1,passenger_arrival,Combined,Morning
450.3905382243208,10,2,passenger_arrival,Combined,Morning
450.6333333333333,9,0,bus_arrival,Combined,Morning
451.31894540477356,10,3,passenger_arrival,Combined,Morning
451.8079756106545,10,4,passenger_arrival,Combined,Morning
452.0490348905528,9,1,passenger_arrival,Combined,Morning
452.72533761198173,10,5,passenger_arrival,Combined,Morning
452.7567401794032,10,6,passenger_arrival,Combined,Morning
453.7182357807677,10,7,passenger_arrival,Combined,Morning
453.90738579737956,10,8,passenger_arrival,Combined,Morning
454.0603561828566,10,9,passenger_arrival,Combined,Morning
454.2985627652386,6,5,passenger_arrival,Combined,Morning
454.4215958380611,10,10,passenger_arrival,Combined,Morning
454.65379445691883,8,1,passenger_arrival,Combined,Morning
454.8183735329533,6,6,passenger_arrival,Combined,Morning
455.0,10,0,bus_arrival,Combined,Morning
455.06867986634666,10,1,passenger_arrival,Combined,Morning
455.14336813791596,10,2,passenger_arrival,Combined,Morning
455.27945819491276,10,3,passenger_arrival,Combined,Morning
455.2877568733463,10,4,passenger_arrival,Combined,Morning
455.6166666666667,6,0,bus_arrival,Combined,Morning
455.65900553607395,10,5,passenger_arrival,Combined,Morning
457.32920269150037,10,6,passenger_arrival,Combined,Morning
457.5235190413167,10,7,passenger_arrival,Combined,Morning
457.73156873485743,10,8,passenger_arrival,Combined,Morning
458.0325320786369,10,9,passenger_arrival,Combined,Morning
458.1189428243024,10,10,passenger_arrival,Combined,Morning
459.41553814919195,10,11,passenger_arrival,Combined,Morning
459.5072085914532,10,12,passenger_arrival,Combined,Morning
459.6474346914079,10,13,passenger_arrival,Combined,Morning
460.5126982000083,6,1,passenger_arrival,Combined,Morning
460.5745885936318,8,2,passenger_arrival,Combined,Morning
460.6166666666667,6,0,bus_arrival,Combined,Morning
460.8468766546753,9,2,passenger_arrival,Combined,Morning
460.8794030193845,10,14,passenger_arrival,Combined,Morning
461.07192048430437,10,15,passenger_arrival,Combined,Morning
461.9282263411843,10,16,passenger_arrival,Combined,Morning
461.96666666666664,7,0,bus_arrival,Combined,Morning
462.1107483835726,10,17,passenger_arrival,Combined,Morning
462.51266647686543,10,18,passenger_arrival,Combined,Morning
462.7121255855005,9,3,passenger_arrival,Combined,Morning
463.0,8,0,bus_arrival,Combined,Morning
463.969733002339,10,19,passenger_arrival,Combined,Morning
463.97163794926814,10,20,passenger_arrival,Combined,Morning
464.01324394120996,10,21,passenger_arrival,Combined,Morning
464.0562478459142,7,1,passenger_arrival,Combined,Morning
464.16927349193037,6,1,passenger_arrival,Combined,Morning
464.25509181984216,10,22,passenger_arrival,Combined,Morning
464.6333333333333,9,0,bus_arrival,Combined,Morning
465.28223269467077,10,23,passenger_arrival,Combined,Morning
465.6166666666667,6,0,bus_arrival,Combined,Morning
465.78438928583375,10,24,passenger_arrival,Combined,Morning
465.96153529532927,10,25,passenger_arrival,Combined,Morning
466.93122724535357,6,1,passenger_arrival,Combined,Morning
466.96666666666664,7,0,bus_arrival,Combined,Morning
467.3534537804229,10,26,passenger_arrival,Combined,Morning
467.562321535227,10,27,passenger_arrival,Combined,Morning
467.72079693340316,6,2,passenger_arrival,Combined,Morning
467.7923637455458,10,28,passenger_arrival,Combined,Morning
467.8113922147518,10,29,passenger_arrival,Combined,Morning
468.0,8,0,bus_arrival,Combined,Morning
468.671088493335,10,30,passenger_arrival,Combined,Morning
469.0,10,0,bus_arrival,Combined,Morning
469.6166666666667,6,0,bus_arrival,Combined,Morning
469.6333333333333,9,0,bus_arrival,Combined,Morning
469.74791718761367,6,1,passenger_arrival,Combined,Morning
469.8289817737636,10,1,passenger_arrival,Combined,Morning
470.1478561245172,6,2,passenger_arrival,Combined,Morning
470.1733924288157,9,1,passenger_arrival,Combined,Morning
470.95306379810165,6,3,passenger_arrival,Combined,Morning
470.9643082107329,10,2,passenger_arrival,Combined,Morning
471.14838203583236,10,3,passenger_arrival,Combined,Morning
471.32390160973085,10,4,passenger_arrival,Combined,Morning
471.36753513025786,10,5,passenger_arrival,Combined,Morning
471.6631665250033,6,4,passenger_arrival,Combined,Morning
471.71231338790983,10,6,passenger_arrival,Combined,Morning
471.96666666666664,7,0,bus_arrival,Combined,Morning
472.3306220386527,9,2,passenger_arrival,Combined,Morning
472.8451709159865,10,7,passenger_arrival,Combined,Morning
473.0,8,0,bus_arrival,Combined,Morning
473.03446823529407,10,8,passenger_arrival,Combined,Morning
473.14829484088625,10,9,passenger_arrival,Combined,Morning
473.6166666666667,6,0,bus_arrival,Combined,Morning
473.7470530262118,10,10,passenger_arrival,Combined,Morning
474.0,10,0,bus_arrival,Combined,Morning
474.07544400399706,10,1,passenger_arrival,Combined,Morning
474.179548253819,10,2,passenger_arrival,Combined,Morning
474.4924402471757,10,3,passenger_arrival,Combined,Morning
474.5860772477133,8,1,passenger_arrival,Combined,Morning
474.6333333333333,9,0,bus_arrival,Combined,Morning
474.8859473615603,6,1,passenger_arrival,Combined,Morning
474.8894260220518,10,4,passenger_arrival,Combined,Morning
475.08886754749136,10,5,passenger_arrival,Combined,Morning
475.7050689006794,6,2,passenger_arrival,Combined,Morning
475.96666666666664,7,0,bus_arrival,Combined,Morning
476.54918793871536,6,3,passenger_arrival,Combined,Morning
476.65614652880265,10,6,passenger_arrival,Combined,Morning
476.67994036106046,7,1,passenger_arrival,Combined,Morning
477.0,8,0,bus_arrival,Combined,Morning
477.6166666666667,6,0,bus_arrival,Combined,Morning
477.7278780011669,10,7,passenger_arrival,Combined,Morning
477.78913267462866,10,8,passenger_arrival,Combined,Morning
477.8782686870834,10,9,passenger_arrival,Combined,Morning
478.3091806361064,6,1,passenger_arrival,Combined,Morning
478.5477449657471,9,1,passenger_arrival,Combined,Morning
478.6333333333333,9,0,bus_arrival,Combined,Morning
478.6839976966699,10,10,passenger_arrival,Combined,Morning
478.88228923432257,6,2,passenger_arrival,Combined,Morning
479.0,10,0,bus_arrival,Combined,Morning
479.1560818445962,10,1,passenger_arrival,Combined,Morning
479.19304787245414,10,2,passenger_arrival,Combined,Morning
479.4966772898453,10,3,passenger_arrival,Combined,Morning
479.66483386500647,6,3,passenger_arrival,Combined,Morning
479.67149084934715,10,4,passenger_arrival,Combined,Morning
479.96666666666664,7,0,bus_arrival,Combined,Morning
480.1246425319423,6,4,passenger_arrival,Combined,Morning
480.5523107231693,10,5,passenger_arrival,Combined,Morning
480.689963684653,10,6,passenger_arrival,Combined,Morning
480.99062874811426,6,5,passenger_arrival,Combined,Morning
481.0,8,0,bus_arrival,Combined,Morning
481.152293514278,10,7,passenger_arrival,Combined,Morning
481.41826209166715,10,8,passenger_arrival,Combined,Morning
481.436962309065,9,1,passenger_arrival,Combined,Morning
481.56173318492887,10,9,passenger_arrival,Combined,Morning
481.5866631604625,10,10,passenger_arrival,Combined,Morning
481.6166666666667,6,0,bus_arrival,Combined,Morning
481.81831702281414,7,1,passenger_arrival,Combined,Morning
481.8571906256171,10,11,passenger_arrival,Combined,Morning
482.0074763004032,7,2,passenger_arrival,Combined,Morning
482.38153416219546,6,1,passenger_arrival,Combined,Morning
482.4164174695096,10,12,passenger_arrival,Combined,Morning
482.4706379172942,10,13,passenger_arrival,Combined,Morning
482.6333333333333,9,0,bus_arrival,Combined,Morning
482.88231223685494,10,14,passenger_arrival,Combined,Morning
483.0,10,0,bus_arrival,Combined,Morning
483.40871844889233,6,2,passenger_arrival,Combined,Morning
483.7416310628152,10,1,passenger_arrival,Combined,Morning
483.8493223093188,10,2,passenger_arrival,Combined,Morning
483.9400408338251,10,3,passenger_arrival,Combined,Morning
483.96666666666664,7,0,bus_arrival,Combined,Morning
483.97887736206764,10,4,passenger_arrival,Combined,Morning
484.02479894107813,10,5,passenger_arrival,Combined,Morning
484.0329156386312,6,3,passenger_arrival,Combined,Morning
484.12880425063156,6,4,passenger_arrival,Combined,Morning
484.8980544866624,6,5,passenger_arrival,Combined,Morning
485.0,8,0,bus_arrival,Combined,Morning
485.20684586167573,10,6,passenger_arrival,Combined,Morning
485.6166666666667,6,0,bus_arrival,Combined,Morning
485.6734303904873,10,7,passenger_arrival,Combined,Morning
486.2676420315759,6,1,passenger_arrival,Combined,Morning
486.4558132416539,10,8,passenger_arrival,Combined,Morning
486.6333333333333,9,0,bus_arrival,Combined,Morning
486.9126514285449,9,1,passenger_arrival,Combined,Morning
487.0,10,0,bus_arrival,Combined,Morning
487.04244228380827,7,1,passenger_arrival,Combined,Morning
487.30881547811254,10,1,passenger_arrival,Combined,Morning
487.37373589480296,6,2,passenger_arrival,Combined,Morning
487.38867004461434,6,3,passenger_arrival,Combined,Morning
487.96666666666664,7,0,bus_arrival,Combined,Morning
488.45852304252827,10,2,passenger_arrival,Combined,Morning
488.85380806068997,10,3,passenger_arrival,Combined,Morning
488.9635307732569,8,1,passenger_arrival,Combined,Morning
489.0,8,0,bus_arrival,Combined,Morning
489.12106847603695,10,4,passenger_arrival,Combined,Morning
489.1514149240468,10,5,passenger_arrival,Combined,Morning
489.32816116158807,10,6,passenger_arrival,Combined,Morning
489.6166666666667,6,0,bus_arrival,Combined,Morning
489.86584496441117,7,1,passenger_arrival,Combined,Morning
489.9671827168232,10,7,passenger_arrival,Combined,Morning
489.9782258780204,10,8,passenger_arrival,Combined,Morning
490.0678889709083,10,9,passenger_arrival,Combined,Morning
490.6333333333333,9,0,bus_arrival,Combined,Morning
491.0,10,0,bus_arrival,Combined,Morning
491.2523922538113,10,1,passenger_arrival,Combined,Morning
491.96666666666664,7,0,bus_arrival,Combined,Morning
492.0424777451829,6,1,passenger_arrival,Combined,Morning
492.5305384409019,6,2,passenger_arrival,Combined,Morning
492.58176077715405,10,2,passenger_arrival,Combined,Morning
493.0,8,0,bus_arrival,Combined,Morning
493.2364417819995,7,1,passenger_arrival,Combined,Morning
493.38137364835484,10,3,passenger_arrival,Combined,Morning
493.6166666666667,6,0,bus_arrival,Combined,Morning
493.62104527156913,10,4,passenger_arrival,Combined,Morning
493.776007540192,10,5,passenger_arrival,Combined,Morning
494.19068412643355,10,6,passenger_arrival,Combined,Morning
494.40486524563516,10,7,passenger_arrival,Combined,Morning
494.6325981965715,10,8,passenger_arrival,Combined,Morning
494.6333333333333,9,0,bus_arrival,Combined,Morning
494.9739973468222,8,1,passenger_arrival,Combined,Morning
495.0,10,0,bus_arrival,Combined,Morning
495.02388104873467,10,1,passenger_arrival,Combined,Morning
495.04945346764634,10,2,passenger_arrival,Combined,Morning
495.58437939016846,10,3,passenger_arrival,Combined,Morning
495.6219139679288,7,2,passenger_arrival,Combined,Morning
495.6343921196285,9,1,passenger_arrival,Combined,Morning
495.8398172082904,10,4,passenger_arrival,Combined,Morning
495.96666666666664,7,0,bus_arrival,Combined,Morning
496.94461577889945,6,1,passenger_arrival,Combined,Morning
497.0,8,0,bus_arrival,Combined,Morning
497.3033719876626,10,5,passenger_arrival,Combined,Morning
497.33743631723775,10,6,passenger_arrival,Combined,Morning
497.3785943684499,6,2,passenger_arrival,Combined,Morning
497.6166666666667,6,0,bus_arrival,Combined,Morning
498.2582110857157,10,7,passenger_arrival,Combined,Morning
498.6333333333333,9,0,bus_arrival,Combined,Morning
498.97578537074526,10,8,passenger_arrival,Combined,Morning
498.9979793066592,10,9,passenger_arrival,Combined,Morning
499.0,10,0,bus_arrival,Combined,Morning
499.1129304336919,10,1,passenger_arrival,Combined,Morning
499.8252401078256,6,1,passenger_arrival,Combined,Morning
499.96666666666664,7,0,bus_arrival,Combined,Morning
499.9701802735327,6,2,passenger_arrival,Combined,Morning
500.0947514066263,6,3,passenger_arrival,Combined,Morning
500.3105569700655,10,2,passenger_arrival,Combined,Morning
500.812944210558,10,3,passenger_arrival,Combined,Morning
501.0,8,0,bus_arrival,Combined,Morning
501.4979009934897,10,4,passenger_arrival,Combined,Morning
501.6166666666667,6,0,bus_arrival,Combined,Morning
501.87295972789457,8,1,passenger_arrival,Combined,Morning
502.02879379924934,10,5,passenger_arrival,Combined,Morning
502.3163890847707,10,6,passenger_arrival,Combined,Morning
502.6122798450632,6,1,passenger_arrival,Combined,Morning
502.6333333333333,9,0,bus_arrival,Combined,Morning
502.6845744152467,10,7,passenger_arrival,Combined,Morning
503.0,10,0,bus_arrival,Combined,Morning
503.5149768253853,10,1,passenger_arrival,Combined,Morning
503.788784257751,6,2,passenger_arrival,Combined,Morning
503.9185790152773,10,2,passenger_arrival,Combined,Morning
503.96666666666664,7,0,bus_arrival,Combined,Morning
504.8322732753386,10,3,passenger_arrival,Combined,Morning
504.94231968438356,10,4,passenger_arrival,Combined,Morning
505.0,8,0,bus_arrival,Combined,Morning
505.04937009836243,10,5,passenger_arrival,Combined,Morning
505.191126462057,10,6,passenger_arrival,Combined,Morning
505.6166666666667,6,0,bus_arrival,Combined,Morning
506.27562915968485,7,1,passenger_arrival,Combined,Morning
506.6251906023434,10,7,passenger_arrival,Combined,Morning
506.6333333333333,9,0,bus_arrival,Combined,Morning
506.64524250101266,7,2,passenger_arrival,Combined,Morning
506.8123923547106,10,8,passenger_arrival,Combined,Morning
506.92173665705275,6,1,passenger_arrival,Combined,Morning
507.0,10,0,bus_arrival,Combined,Morning
507.0532025907123,10,1,passenger_arrival,Combined,Morning
507.7629106720146,10,2,passenger_arrival,Combined,Morning
507.86794300700035,10,3,passenger_arrival,Combined,Morning
507.96666666666664,7,0,bus_arrival,Combined,Morning
508.26526997494653,10,4,passenger_arrival,Combined,Morning
508.2876838338744,6,2,passenger_arrival,Combined,Morning
508.3571892229974,10,5,passenger_arrival,Combined,Morning
508.5543895780802,10,6,passenger_arrival,Combined,Morning
508.57146938930106,10,7,passenger_arrival,Combined,Morning
508.72674684879655,10,8,passenger_arrival,Combined,Morning
508.91475061782864,7,1,passenger_arrival,Combined,Morning
509.0,8,0,bus_arrival,Combined,Morning
509.2802631355618,10,9,passenger_arrival,Combined,Morning
510.407686686114,10,10,passenger_arrival,Combined,Morning
510.5607303618208,9,1,passenger_arrival,Combined,Morning
510.6333333333333,9,0,bus_arrival,Combined,Morning
510.6413506446559,8,1,passenger_arrival,Combined,Morning
510.7063337348582,6,3,passenger_arrival,Combined,Morning
510.9534284434374,10,11,passenger_arrival,Combined,Morning
511.0,10,0,bus_arrival,Combined,Morning
511.49998969569873,6,4,passenger_arrival,Combined,Morning
511.84164375165733,9,1,passenger_arrival,Combined,Morning
511.96666666666664,7,0,bus_arrival,Combined,Morning
512.1817662056404,6,5,passenger_arrival,Combined,Morning
512.3424851445616,6,6,passenger_arrival,Combined,Morning
512.7221955378494,8,2,passenger_arrival,Combined,Morning
512.8046332207924,6,7,passenger_arrival,Combined,Morning
512.9915914593431,6,8,passenger_arrival,Combined,Morning
513.0,8,0,bus_arrival,Combined,Morning
513.1993362076535,6,9,passenger_arrival,Combined,Morning
513.2958891742946,10,1,passenger_arrival,Combined,Morning
513.3159396123239,6,10,passenger_arrival,Combined,Morning
513.3390551939107,10,2,passenger_arrival,Combined,Morning
513.8447203834197,6,11,passenger_arrival,Combined,Morning
513.8577713227802,6,12,passenger_arrival,Combined,Morning
513.9569543863503,10,3,passenger_arrival,Combined,Morning
514.3840199433939,10,4,passenger_arrival,Combined,Morning
514.5197038017722,6,13,passenger_arrival,Combined,Morning
514.5853762199711,10,5,passenger_arrival,Combined,Morning
514.6333333333333,9,0,bus_arrival,Combined,Morning
514.6517844004401,10,6,passenger_arrival,Combined,Morning
514.9799425608772,10,7,passenger_arrival,Combined,Morning
515.0,10,0,bus_arrival,Combined,Morning
515.4011480234017,10,1,passenger_arrival,Combined,Morning
515.9948633817958,6,14,passenger_arrival,Combined,Morning
516.081126626896,9,1,passenger_arrival,Combined,Morning
516.3192158478244,6,15,passenger_arrival,Combined,Morning
516.6603771171673,10,2,passenger_arrival,Combined,Morning
516.8001759894894,6,16,passenger_arrival,Combined,Morning
516.8054244453558,6,17,passenger_arrival,Combined,Morning
516.950957005416,6,18,passenger_arrival,Combined,Morning
517.6166666666667,6,0,bus_arrival,Combined,Morning
517.8297718960449,10,3,passenger_arrival,Combined,Morning
518.1643947089872,6,1,passenger_arrival,Combined,Morning
518.4995573447427,10,4,passenger_arrival,Combined,Morning
518.5324027005735,10,5,passenger_arrival,Combined,Morning
518.8462305902739,10,6,passenger_arrival,Combined,Morning
518.8635635828505,10,7,passenger_arrival,Combined,Morning
518.8931927372244,10,8,passenger_arrival,Combined,Morning
518.9682700989251,10,9,passenger_arrival,Combined,Morning
519.0,10,0,bus_arrival,Combined,Morning
519.0005862591024,10,1,passenger_arrival,Combined,Morning
519.1024968023504,10,2,passenger_arrival,Combined,Morning
519.4810777586792,10,3,passenger_arrival,Combined,Morning
519.5887708029984,6,2,passenger_arrival,Combined,Morning
519.7720136528128,10,4,passenger_arrival,Combined,Morning
519.921592841589,10,5,passenger_arrival,Combined,Morning
520.045066870794,6,3,passenger_arrival,Combined,Morning
520.4715871711243,6,4,passenger_arrival,Combined,Morning
520.618079484268,10,6,passenger_arrival,Combined,Morning
521.5629682390291,9,2,passenger_arrival,Combined,Morning
522.0427376086043,10,7,passenger_arrival,Combined,Morning
522.1196181991942,6,5,passenger_arrival,Combined,Morning
522.6664160591137,6,6,passenger_arrival,Combined,Morning
523.5132781622699,10,8,passenger_arrival,Combined,Morning
523.5661639181583,10,9,passenger_arrival,Combined,Morning
523.5953019242965,6,7,passenger_arrival,Combined,Morning
523.6166666666667,6,0,bus_arrival,Combined,Morning
523.7176609083078,10,10,passenger_arrival,Combined,Morning
523.7476646058743,10,11,passenger_arrival,Combined,Morning
523.7665644239336,10,12,passenger_arrival,Combined,Morning
523.8874845283832,9,3,passenger_arrival,Combined,Morning
523.9666666666667,7,0,bus_arrival,Combined,Morning
524.6430008416168,9,4,passenger_arrival,Combined,Morning
524.7363270175701,6,1,passenger_arrival,Combined,Morning
525.0,8,0,bus_arrival,Combined,Morning
525.1560462065139,10,13,passenger_arrival,Combined,Morning
525.526565493034,6,2,passenger_arrival,Combined,Morning
526.2494119776565,10,14,passenger_arrival,Combined,Morning
526.3145901758921,10,15,passenger_arrival,Combined,Morning
526.6333333333333,9,0,bus_arrival,Combined,Morning
527.0332457653584,10,16,passenger_arrival,Combined,Morning
527.6203370042984,6,3,passenger_arrival,Combined,Morning
528.115401657008,10,17,passenger_arrival,Combined,Morning
528.1920800192314,10,18,passenger_arrival,Combined,Morning
528.6603405077651,10,19,passenger_arrival,Combined,Morning
529.0987916987817,10,20,passenger_arrival,Combined,Morning
529.2007656359998,7,1,passenger_arrival,Combined,Morning
529.6166666666667,6,0,bus_arrival,Combined,Morning
529.6612330557799,10,21,passenger_arrival,Combined,Morning
529.8710953682984,10,22,passenger_arrival,Combined,Morning
529.9380124036538,10,23,passenger_arrival,Combined,Morning
529.9666666666667,7,0,bus_arrival,Combined,Morning
530.0199028607029,10,24,passenger_arrival,Combined,Morning
530.08517649752,10,25,passenger_arrival,Combined,Morning
530.200751583618,6,1,passenger_arrival,Combined,Morning
530.3308327052896,10,26,passenger_arrival,Combined,Morning
530.6838672200814,10,27,passenger_arrival,Combined,Morning
531.0,8,0,bus_arrival,Combined,Morning
531.0,10,0,bus_arrival,Combined,Morning
531.0085368952482,10,1,passenger_arrival,Combined,Morning
531.0378444503493,10,2,passenger_arrival,Combined,Morning
531.0622394046449,9,1,passenger_arrival,Combined,Morning
531.0763235299738,10,3,passenger_arrival,Combined,Morning
531.1768980612381,6,2,passenger_arrival,Combined,Morning
531.1994538101663,10,4,passenger_arrival,Combined,Morning
531.3086104551469,10,5,passenger_arrival,Combined,Morning
531.5281071575348,10,6,passenger_arrival,Combined,Morning
532.3956150811002,9,2,passenger_arrival,Combined,Morning
532.6058116904152,10,7,passenger_arrival,Combined,Morning
532.6333333333333,9,0,bus_arrival,Combined,Morning
532.6684224514086,6,3,passenger_arrival,Combined,Morning
532.8874878221552,6,4,passenger_arrival,Combined,Morning
533.009801285145,10,8,passenger_arrival,Combined,Morning
533.2290373609956,10,9,passenger_arrival,Combined,Morning
533.3872890271842,6,5,passenger_arrival,Combined,Morning
533.5027447164983,10,10,passenger_arrival,Combined,Morning
533.9174910008358,10,11,passenger_arrival,Combined,Morning
533.9349696877217,6,6,passenger_arrival,Combined,Morning
534.0583013606556,10,12,passenger_arrival,Combined,Morning
534.27014237855,10,13,passenger_arrival,Combined,Morning
535.1861880096407,6,7,passenger_arrival,Combined,Morning
535.3160586023977,10,14,passenger_arrival,Combined,Morning
535.3853548326231,10,15,passenger_arrival,Combined,Morning
535.4323755658266,10,16,passenger_arrival,Combined,Morning
535.4983304885538,10,17,passenger_arrival,Combined,Morning
535.5005038002537,6,8,passenger_arrival,Combined,Morning
535.6166666666667,6,0,bus_arrival,Combined,Morning
535.8979362438494,10,18,passenger_arrival,Combined,Morning
535.9666666666667,7,0,bus_arrival,Combined,Morning
536.4609255191485,6,1,passenger_arrival,Combined,Morning
536.7468498041735,10,19,passenger_arrival,Combined,Morning
537.0,8,0,bus_arrival,Combined,Morning
537.0,10,0,bus_arrival,Combined,Morning
537.0238144020271,10,1,passenger_arrival,Combined,Morning
537.4914613522374,10,2,passenger_arrival,Combined,Morning
538.0017356188114,6,2,passenger_arrival,Combined,Morning
538.026847226742,10,3,passenger_arrival,Combined,Morning
538.3291393898666,7,1,passenger_arrival,Combined,Morning
538.3735696377914,10,4,passenger_arrival,Combined,Morning
538.6333333333333,9,0,bus_arrival,Combined,Morning
538.7892612944092,10,5,passenger_arrival,Combined,Morning
538.821792124509,10,6,passenger_arrival,Combined,Morning
539.0212813034384,10,7,passenger_arrival,Combined,Morning
539.1426609003324,10,8,passenger_arrival,Combined,Morning
539.6617465759721,10,9,passenger_arrival,Combined,Morning
540.3296294485275,10,10,passenger_arrival,Combined,Morning
540.3420213502736,10,11,passenger_arrival,Combined,Morning
540.9369946581465,6,3,passenger_arrival,Combined,Morning
541.0152849488328,10,12,passenger_arrival,Combined,Morning
541.1010959221537,10,13,passenger_arrival,Combined,Morning
541.6166666666667,6,0,bus_arrival,Combined,Morning
541.9666666666667,7,0,bus_arrival,Combined,Morning
542.0489611223899,6,1,passenger_arrival,Combined,Morning
542.2365879314849,10,14,passenger_arrival,Combined,Morning
542.7627741239501,8,1,passenger_arrival,Combined,Morning
543.0,8,0,bus_arrival,Combined,Morning
543.0,10,0,bus_arrival,Combined,Morning
543.0447408742981,10,1,passenger_arrival,Combined,Morning
543.0516872478423,6,2,passenger_arrival,Combined,Morning
543.3934322947852,10,2,passenger_arrival,Combined,Morning
544.0187681396475,6,3,passenger_arrival,Combined,Morning
544.6333333333333,9,0,bus_arrival,Combined,Morning
545.1527393066353,10,3,passenger_arrival,Combined,Morning
545.2539065544141,10,4,passenger_arrival,Combined,Morning
545.9719157241587,10,5,passenger_arrival,Combined,Morning
546.0515625249815,6,4,passenger_arrival,Combined,Morning
546.955080061301,10,6,passenger_arrival,Combined,Morning
547.5847385752578,6,5,passenger_arrival,Combined,Morning
547.6166666666667,6,0,bus_arrival,Combined,Morning
547.9666666666667,7,0,bus_arrival,Combined,Morning
548.0219074690027,10,7,passenger_arrival,Combined,Morning
549.0,8,0,bus_arrival,Combined,Morning
549.0,10,0,bus_arrival,Combined,Morning
549.3398930726285,6,1,passenger_arrival,Combined,Morning
549.5127110637073,10,1,passenger_arrival,Combined,Morning
549.5433339753778,10,2,passenger_arrival,Combined,Morning
549.7916345324219,10,3,passenger_arrival,Combined,Morning
550.0322649800804,6,2,passenger_arrival,Combined,Morning
550.4761637573334,7,1,passenger_arrival,Combined,Morning
550.6333333333333,9,0,bus_arrival,Combined,Morning
551.6311660954159,6,3,passenger_arrival,Combined,Morning
551.6314330754448,7,2,passenger_arrival,Combined,Morning
551.7270686226417,10,4,passenger_arrival,Combined,Morning
552.0264563400597,10,5,passenger_arrival,Combined,Morning
552.4018450122229,9,1,passenger_arrival,Combined,Morning
552.9006931950614,10,6,passenger_arrival,Combined,Morning
552.9647240379433,6,4,passenger_arrival,Combined,Morning
553.5152242341051,6,5,passenger_arrival,Combined,Morning
553.6166666666667,6,0,bus_arrival,Combined,Morning
553.9666666666667,7,0,bus_arrival,Combined,Morning
554.2917647972741,10,7,passenger_arrival,Combined,Morning
554.4538997471656,10,8,passenger_arrival,Combined,Morning
554.5800265786685,10,9,passenger_arrival,Combined,Morning
554.7605374705832,8,1,passenger_arrival,Combined,Morning
555.0,8,0,bus_arrival,Combined,Morning
555.0,10,0,bus_arrival,Combined,Morning
556.1618158772949,10,1,passenger_arrival,Combined,Morning
556.6333333333333,9,0,bus_arrival,Combined,Morning
556.7366705506239,6,1,passenger_arrival,Combined,Morning
556.8841918757144,6,2,passenger_arrival,Combined,Morning
557.454820529613,10,2,passenger_arrival,Combined,Morning
557.7316337029346,6,3,passenger_arrival,Combined,Morning
559.6166666666667,6,0,bus_arrival,Combined,Morning
559.7927159393912,9,1,passenger_arrival,Combined,Morning
559.9666666666667,7,0,bus_arrival,Combined,Morning
560.6633217243152,9,2,passenger_arrival,Combined,Morning
560.8826730972876,7,1,passenger_arrival,Combined,Morning
561.0,8,0,bus_arrival,Combined,Morning
561.0,10,0,bus_arrival,Combined,Morning
561.3180766443202,10,1,passenger_arrival,Combined,Morning
561.707859964501,10,2,passenger_arrival,Combined,Morning
561.726896899577,10,3,passenger_arrival,Combined,Morning
562.4429866163,10,4,passenger_arrival,Combined,Morning
562.6333333333333,9,0,bus_arrival,Combined,Morning
562.7103736927,10,5,passenger_arrival,Combined,Morning
562.9120087969634,10,6,passenger_arrival,Combined,Morning
563.0950864498819,10,7,passenger_arrival,Combined,Morning
563.7184305921545,10,8,passenger_arrival,Combined,Morning
563.8324711894819,10,9,passenger_arrival,Combined,Morning
564.0694121143854,6,1,passenger_arrival,Combined,Morning
564.8570753839551,10,10,passenger_arrival,Combined,Morning
564.908626120296,10,11,passenger_arrival,Combined,Morning
565.6166666666667,6,0,bus_arrival,Combined,Morning
565.9666666666667,7,0,bus_arrival,Combined,Morning
566.295444556748,8,1,passenger_arrival,Combined,Morning
566.7057704707162,6,1,passenger_arrival,Combined,Morning
566.8703998620836,10,12,passenger_arrival,Combined,Morning
567.0,8,0,bus_arrival,Combined,Morning
567.0,10,0,bus_arrival,Combined,Morning
567.5376034310788,10,1,passenger_arrival,Combined,Morning
567.7775364707779,8,1,passenger_arrival,Combined,Morning
568.1659703503892,10,2,passenger_arrival,Combined,Morning
568.1828598510625,10,3,passenger_arrival,Combined,Morning
568.6333333333333,9,0,bus_arrival,Combined,Morning
569.7081867156638,6,2,passenger_arrival,Combined,Morning
570.0814553875945,10,4,passenger_arrival,Combined,Morning
570.109913884798,10,5,passenger_arrival,Combined,Morning
570.4750863036161,10,6,passenger_arrival,Combined,Morning
571.2321761681711,10,7,passenger_arrival,Combined,Morning
571.4158791173088,9,1,passenger_arrival,Combined,Morning
571.9666666666667,7,0,bus_arrival,Combined,Morning
572.3335515032802,10,8,passenger_arrival,Combined,Morning
573.0,8,0,bus_arrival,Combined,Morning
573.0,10,0,bus_arrival,Combined,Morning
573.3586533191078,6,3,passenger_arrival,Combined,Morning
573.5216185818513,10,1,passenger_arrival,Combined,Morning
573.5430815292405,10,2,passenger_arrival,Combined,Morning
573.5968847741436,10,3,passenger_arrival,Combined,Morning
573.9241280956429,10,4,passenger_arrival,Combined,Morning
574.3349376433993,6,4,passenger_arrival,Combined,Morning
574.6333333333333,9,0,bus_arrival,Combined,Morning
574.7977269661338,10,5,passenger_arrival,Combined,Morning
575.7699981404446,10,6,passenger_arrival,Combined,Morning
577.2871969737305,7,1,passenger_arrival,Combined,Morning
577.8031270129301,10,7,passenger_arrival,Combined,Morning
577.9738294038877,6,5,passenger_arrival,Combined,Morning
579.0,10,0,bus_arrival,Combined,Morning
579.0396422727822,10,1,passenger_arrival,Combined,Morning
579.1402443634763,10,2,passenger_arrival,Combined,Morning
579.5290748068655,10,3,passenger_arrival,Combined,Morning
579.6780201854876,10,4,passenger_arrival,Combined,Morning
579.717736813552,10,5,passenger_arrival,Combined,Morning
580.0862375142171,9,1,passenger_arrival,Combined,Morning
581.0741534345734,10,6,passenger_arrival,Combined,Morning
581.5187208759097,9,2,passenger_arrival,Combined,Morning
582.2467417261954,10,7,passenger_arrival,Combined,Morning
582.8751569653803,10,8,passenger_arrival,Combined,Morning
582.9989256582517,9,3,passenger_arrival,Combined,Morning
583.0438147739169,7,2,passenger_arrival,Combined,Morning
583.0720272512781,6,6,passenger_arrival,Combined,Morning
583.503993955212,10,9,passenger_arrival,Combined,Morning
583.5276966369969,10,10,passenger_arrival,Combined,Morning
583.6166666666667,6,0,bus_arrival,Combined,Morning
584.1148885192678,10,11,passenger_arrival,Combined,Morning
584.374261089905,6,1,passenger_arrival,Combined,Morning
584.3891669763716,10,12,passenger_arrival,Combined,Morning
584.4225412981298,6,2,passenger_arrival,Combined,Morning
584.431275918559,7,3,passenger_arrival,Combined,Morning
586.2833758652029,6,3,passenger_arrival,Combined,Morning
586.6548249174721,6,4,passenger_arrival,Combined,Morning
588.0183100863386,6,5,passenger_arrival,Combined,Morning
589.8214882044792,10,13,passenger_arrival,Combined,Morning
589.9666666666667,7,0,bus_arrival,Combined,Morning
589.9985189232773,10,14,passenger_arrival,Combined,Morning
590.4967052935301,10,15,passenger_arrival,Combined,Morning
590.5732883054894,6,6,passenger_arrival,Combined,Morning
591.0,8,0,bus_arrival,Combined,Morning
591.244937901176,6,7,passenger_arrival,Combined,Morning
591.3862597623291,10,16,passenger_arrival,Combined,Morning
592.3693312920367,10,17,passenger_arrival,Combined,Morning
592.5916204705752,10,18,passenger_arrival,Combined,Morning
592.6333333333333,9,0,bus_arrival,Combined,Morning
593.0904500007614,6,8,passenger_arrival,Combined,Morning
593.6166666666667,6,0,bus_arrival,Combined,Morning
594.272318815495,6,1,passenger_arrival,Combined,Morning
595.7309250553278,10,19,passenger_arrival,Combined,Morning
596.1075023514609,6,2,passenger_arrival,Combined,Morning
597.0,10,0,bus_arrival,Combined,Morning
597.9273661053426,10,1,passenger_arrival,Combined,Morning
597.9881821695706,6,3,passenger_arrival,Combined,Morning
598.8778671223963,10,2,passenger_arrival,Combined,Morning
599.161322508282,6,4,passenger_arrival,Combined,Morning
599.2446521818913,10,3,passenger_arrival,Combined,Morning
599.3291296547586,6,5,passenger_arrival,Combined,Morning
599.3940098244619,10,4,passenger_arrival,Combined,Morning
599.9666666666667,7,0,bus_arrival,Combined,Morning
600.9179823359178,10,5,passenger_arrival,Combined,Morning
600.9683360838096,6,6,passenger_arrival,Combined,Morning
601.0,8,0,bus_arrival,Combined,Morning
601.3203285469411,10,6,passenger_arrival,Combined,Morning
602.3107365456985,10,7,passenger_arrival,Combined,Morning
602.4372621995014,10,8,passenger_arrival,Combined,Morning
602.45735701752,7,1,passenger_arrival,Combined,Morning
602.6333333333333,9,0,bus_arrival,Combined,Morning
602.6973707001894,10,9,passenger_arrival,Combined,Morning
602.7036293166545,9,1,passenger_arrival,Combined,Morning
602.7819907771078,6,7,passenger_arrival,Combined,Morning
603.6166666666667,6,0,bus_arrival,Combined,Morning
603.8923384731759,6,1,passenger_arrival,Combined,Morning
604.2328259597731,6,2,passenger_arrival,Combined,Morning
606.249550621528,10,10,passenger_arrival,Combined,Morning
607.0,10,0,bus_arrival,Combined,Morning
608.0656502426212,7,2,passenger_arrival,Combined,Morning
608.6290158399304,10,1,passenger_arrival,Combined,Morning
609.2960209245776,10,2,passenger_arrival,Combined,Morning
609.6185423723651,7,3,passenger_arrival,Combined,Morning
609.8267361399148,10,3,passenger_arrival,Combined,Morning
609.9666666666667,7,0,bus_arrival,Combined,Morning
611.0,8,0,bus_arrival,Combined,Morning
611.1310660824895,10,4,passenger_arrival,Combined,Morning
612.0461306700056,6,3,passenger_arrival,Combined,Morning
612.6333333333333,9,0,bus_arrival,Combined,Morning
612.9682117849794,10,5,passenger_arrival,Combined,Morning
613.6166666666667,6,0,bus_arrival,Combined,Morning
613.9158142294312,10,6,passenger_arrival,Combined,Morning
613.9691921616111,6,1,passenger_arrival,Combined,Morning
614.2015556198744,6,2,passenger_arrival,Combined,Morning
615.0949103317561,6,3,passenger_arrival,Combined,Morning
616.2784216295182,6,4,passenger_arrival,Combined,Morning
617.0,10,0,bus_arrival,Combined,Morning
617.1767241643432,10,1,passenger_arrival,Combined,Morning
617.3444271063581,6,5,passenger_arrival,Combined,Morning
618.6885108209332,6,6,passenger_arrival,Combined,Morning
618.863456606442,10,2,passenger_arrival,Combined,Morning
619.1654611291292,10,3,passenger_arrival,Combined,Morning
619.9666666666667,7,0,bus_arrival,Combined,Morning
620.6714971683073,10,4,passenger_arrival,Combined,Morning
620.908437347911,8,1,passenger_arrival,Combined,Morning
621.0,8,0,bus_arrival,Combined,Morning
621.6421919340371,6,7,passenger_arrival,Combined,Morning
622.47330184956,10,5,passenger_arrival,Combined,Morning
622.5536608408858,6,8,passenger_arrival,Combined,Morning
622.6333333333333,9,0,bus_arrival,Combined,Morning
622.9545954097031,10,6,passenger_arrival,Combined,Morning
623.6166666666667,6,0,bus_arrival,Combined,Morning
624.360283557848,7,1,passenger_arrival,Combined,Morning
625.8523299212862,6,1,passenger_arrival,Combined,Morning
626.700162534023,10,7,passenger_arrival,Combined,Morning
627.0,10,0,bus_arrival,Combined,Morning
629.1706192465559,10,1,passenger_arrival,Combined,Morning
629.4515859419297,6,2,passenger_arrival,Combined,Morning
629.789004081705,8,1,passenger_arrival,Combined,Morning
629.9666666666667,7,0,bus_arrival,Combined,Morning
630.1433591295456,6,3,passenger_arrival,Combined,Morning
631.0,8,0,bus_arrival,Combined,Morning
631.7076520729652,9,1,passenger_arrival,Combined,Morning
631.9781682233355,10,2,passenger_arrival,Combined,Morning
632.6121808306439,10,3,passenger_arrival,Combined,Morning
632.6333333333333,9,0,bus_arrival,Combined,Morning
632.7713593927934,6,4,passenger_arrival,Combined,Morning
633.0589134487383,10,4,passenger_arrival,Combined,Morning
636.1656232422978,6,5,passenger_arrival,Combined,Morning
636.4940851679193,10,5,passenger_arrival,Combined,Morning
637.0,10,0,bus_arrival,Combined,Morning
639.3579562374241,6,6,passenger_arrival,Combined,Morning
639.8514810628714,10,1,passenger_arrival,Combined,Morning
642.244363322443,10,2,passenger_arrival,Combined,Morning
642.818000359595,9,1,passenger_arrival,Combined,Morning
643.3806741837005,9,2,passenger_arrival,Combined,Morning
643.419927007482,10,3,passenger_arrival,Combined,Morning
643.6092007151601,8,1,passenger_arrival,Combined,Morning
643.8,6,0,bus_arrival,Combined,Morning
644.0254281915982,10,4,passenger_arrival,Combined,Morning
644.2003296242997,6,1,passenger_arrival,Combined,Morning
648.1529454844449,10,5,passenger_arrival,Combined,Morning
649.230360166111,10,6,passenger_arrival,Combined,Morning
650.0834324524956,10,7,passenger_arrival,Combined,Morning
650.85,7,0,bus_arrival,Combined,Morning
651.2708391009604,10,8,passenger_arrival,Combined,Morning
651.3857407091726,6,2,passenger_arrival,Combined,Morning
652.0,8,0,bus_arrival,Combined,Morning
652.9721371263912,6,3,passenger_arrival,Combined,Morning
653.6333333333333,9,0,bus_arrival,Combined,Morning
653.8,6,0,bus_arrival,Combined,Morning
654.7319402734646,6,1,passenger_arrival,Combined,Morning
654.9986593251534,6,2,passenger_arrival,Combined,Morning
655.1867756682823,6,3,passenger_arrival,Combined,Morning
656.7954419686197,10,9,passenger_arrival,Combined,Morning
657.084513439229,6,4,passenger_arrival,Combined,Morning
658.0,10,0,bus_arrival,Combined,Morning
658.1959249742962,6,5,passenger_arrival,Combined,Morning
659.8797609781478,10,1,passenger_arrival,Combined,Morning
660.85,7,0,bus_arrival,Combined,Morning
662.0,8,0,bus_arrival,Combined,Morning
663.6333333333333,9,0,bus_arrival,Combined,Morning
668.0,10,0,bus_arrival,Combined,Morning
