Scenario,Period,Method,Stop Sequence,Replications,Last Eligible Bus Time,Mean Arrivals At Or After Last Bus,Mean Earlier Arrivals Still Unserved,Mean Final Backlog,Mean Period-End Queue
Baseline,Morning,Published Reference,6,30,653.8,1.6333333333333333,0.0,1.6333333333333333,1.6333333333333333
Baseline,Morning,Published Reference,7,30,660.85,0.0,0.0,0.0,0.4
Baseline,Morning,Published Reference,8,30,662.0,0.0,0.0,0.0,0.3
Baseline,Morning,Published Reference,9,30,663.6333333333333,0.0,0.0,0.0,0.26666666666666666
Baseline,Morning,Published Reference,10,30,668.0,0.0,0.0,0.0,0.9
Baseline,Evening,Published Reference,6,30,1188.9,2.2333333333333334,0.0,2.2333333333333334,2.2333333333333334
Baseline,Evening,Published Reference,7,30,1192.4166666666667,0.23333333333333334,0.0,0.23333333333333334,0.23333333333333334
Baseline,Evening,Published Reference,8,30,1193.0,0.3,0.0,0.3,0.3
Baseline,Evening,Published Reference,9,30,1194.1,0.3,0.0,0.3,0.3
Baseline,Evening,Published Reference,10,30,1197.0,0.5,0.0,0.5,0.5
High-Demand,Morning,Published Reference,6,30,653.8,2.6,0.0,2.6,2.6
High-Demand,Morning,Published Reference,7,30,660.85,0.0,0.0,0.0,0.5666666666666667
High-Demand,Morning,Published Reference,8,30,662.0,0.0,0.0,0.0,0.36666666666666664
High-Demand,Morning,Published Reference,9,30,663.6333333333333,0.0,0.0,0.0,0.43333333333333335
High-Demand,Morning,Published Reference,10,30,668.0,0.0,0.0,0.0,1.1666666666666667
High-Demand,Evening,Published Reference,6,30,1188.9,3.5,0.0,3.5,3.5
High-Demand,Evening,Published Reference,7,30,1192.4166666666667,0.23333333333333334,0.0,0.23333333333333334,0.23333333333333334
High-Demand,Evening,Published Reference,8,30,1193.0,0.36666666666666664,0.0,0.36666666666666664,0.36666666666666664
High-Demand,Evening,Published Reference,9,30,1194.1,0.36666666666666664,0.0,0.36666666666666664,0.36666666666666664
High-Demand,Evening,Published Reference,10,30,1197.0,0.7666666666666667,0.0,0.7666666666666667,0.7666666666666667
Reduced-Service,Morning,Published Reference,6,30,653.8,1.6333333333333333,0.0,1.6333333333333333,1.6333333333333333
Reduced-Service,Morning,Published Reference,7,30,660.85,0.0,0.0,0.0,0.4
Reduced-Service,Morning,Published Reference,8,30,662.0,0.0,0.0,0.0,0.3
Reduced-Service,Morning,Published Reference,9,30,663.6333333333333,0.0,0.0,0.0,0.26666666666666666
Reduced-Service,Morning,Published Reference,10,30,668.0,0.0,0.0,0.0,0.9
Reduced-Service,Evening,Published Reference,6,30,1188.9,2.2333333333333334,0.0,2.2333333333333334,2.2333333333333334
Reduced-Service,Evening,Published Reference,7,30,1192.4166666666667,0.23333333333333334,0.0,0.23333333333333334,0.23333333333333334
Reduced-Service,Evening,Published Reference,8,30,1193.0,0.3,0.0,0.3,0.3
Reduced-Service,Evening,Published Reference,9,30,1194.1,0.3,0.0,0.3,0.3
Reduced-Service,Evening,Published Reference,10,30,1197.0,0.5,0.0,0.5,0.5
Combined,Morning,Published Reference,6,30,653.8,2.6,0.0,2.6,2.6
Combined,Morning,Published Reference,7,30,660.85,0.0,0.0,0.0,0.5666666666666667
Combined,Morning,Published Reference,8,30,662.0,0.0,0.0,0.0,0.36666666666666664
Combined,Morning,Published Reference,9,30,663.6333333333333,0.0,0.0,0.0,0.43333333333333335
Combined,Morning,Published Reference,10,30,668.0,0.0,0.0,0.0,1.1666666666666667
Combined,Evening,Published Reference,6,30,1188.9,3.5,0.0,3.5,3.5
Combined,Evening,Published Reference,7,30,1192.4166666666667,0.23333333333333334,0.0,0.23333333333333334,0.23333333333333334
Combined,Evening,Published Reference,8,30,1193.0,0.36666666666666664,0.0,0.36666666666666664,0.36666666666666664
Combined,Evening,Published Reference,9,30,1194.1,0.36666666666666664,0.0,0.36666666666666664,0.36666666666666664
Combined,Evening,Published Reference,10,30,1197.0,0.7666666666666667,0.0,0.7666666666666667,0.7666666666666667
Baseline,Morning,GA,6,30,655.0,1.2,0.0,1.2,1.2
Baseline,Morning,GA,7,30,661.7,0.0,0.0,0.0,0.4
Baseline,Morning,GA,8,30,662.7916666666667,0.0,0.0,0.0,0.3
Baseline,Morning,GA,9,30,664.425,0.0,0.0,0.0,0.23333333333333334
Baseline,Morning,GA,10,30,668.7916666666667,0.0,0.0,0.0,0.5
Baseline,Morning,Regularized Reference,6,30,655.0,1.2,0.0,1.2,1.2
Baseline,Morning,Regularized Reference,7,30,661.7,0.0,0.0,0.0,0.4
Baseline,Morning,Regularized Reference,8,30,662.7916666666667,0.0,0.0,0.0,0.3
Baseline,Morning,Regularized Reference,9,30,664.425,0.0,0.0,0.0,0.23333333333333334
Baseline,Morning,Regularized Reference,10,30,668.7916666666667,0.0,0.0,0.0,0.5
Baseline,Morning,Demand Rule,6,30,654.0,1.5666666666666667,0.0,1.5666666666666667,1.5666666666666667
Baseline,Morning,Demand Rule,7,30,660.7,0.0,0.0,0.0,0.43333333333333335
Baseline,Morning,Demand Rule,8,30,661.7916666666667,0.0,0.0,0.0,0.3
Baseline,Morning,Demand Rule,9,30,663.425,0.0,0.0,0.0,0.3333333333333333
Baseline,Morning,Demand Rule,10,30,667.7916666666667,0.0,0.0,0.0,1.6666666666666667
Baseline,Evening,GA,6,30,1195.0,0.7333333333333333,0.0,0.7333333333333333,0.7333333333333333
Baseline,Evening,GA,7,30,1199.9333333333334,0.03333333333333333,0.0,0.03333333333333333,0.03333333333333333
Baseline,Evening,GA,8,30,1200.7333333333333,0.0,0.0,0.0,0.36666666666666664
Baseline,Evening,GA,9,30,1201.8333333333333,0.0,0.0,0.0,0.5
Baseline,Evening,GA,10,30,1204.7333333333333,0.0,0.0,0.0,1.0
Baseline,Evening,Regularized Reference,6,30,1194.0,0.8666666666666667,0.0,0.8666666666666667,0.8666666666666667
Baseline,Evening,Regularized Reference,7,30,1198.9333333333334,0.06666666666666667,0.0,0.06666666666666667,0.06666666666666667
Baseline,Evening,Regularized Reference,8,30,1199.7333333333333,0.0,0.0,0.0,0.0
Baseline,Evening,Regularized Reference,9,30,1200.8333333333333,0.0,0.0,0.0,0.5666666666666667
Baseline,Evening,Regularized Reference,10,30,1203.7333333333333,0.0,0.0,0.0,1.6333333333333333
Baseline,Evening,Demand Rule,6,30,1194.0,0.8666666666666667,0.0,0.8666666666666667,0.8666666666666667
Baseline,Evening,Demand Rule,7,30,1198.9333333333334,0.06666666666666667,0.0,0.06666666666666667,0.06666666666666667
Baseline,Evening,Demand Rule,8,30,1199.7333333333333,0.0,0.0,0.0,0.0
Baseline,Evening,Demand Rule,9,30,1200.8333333333333,0.0,0.0,0.0,0.5666666666666667
Baseline,Evening,Demand Rule,10,30,1203.7333333333333,0.0,0.0,0.0,1.6333333333333333
High-Demand,Morning,GA,6,30,655.0,1.9666666666666666,0.0,1.9666666666666666,1.9666666666666666
High-Demand,Morning,GA,7,30,661.7,0.0,0.0,0.0,0.5666666666666667
High-Demand,Morning,GA,8,30,662.7916666666667,0.0,0.0,0.0,0.3333333333333333
High-Demand,Morning,GA,9,30,664.425,0.0,0.0,0.0,0.36666666666666664
High-Demand,Morning,GA,10,30,668.7916666666667,0.0,0.0,0.0,0.7
High-Demand,Morning,Regularized Reference,6,30,655.0,1.9666666666666666,0.0,1.9666666666666666,1.9666666666666666
High-Demand,Morning,Regularized Reference,7,30,661.7,0.0,0.0,0.0,0.5666666666666667
High-Demand,Morning,Regularized Reference,8,30,662.7916666666667,0.0,0.0,0.0,0.3333333333333333
High-Demand,Morning,Regularized Reference,9,30,664.425,0.0,0.0,0.0,0.36666666666666664
High-Demand,Morning,Regularized Reference,10,30,668.7916666666667,0.0,0.0,0.0,0.7
High-Demand,Morning,Demand Rule,6,30,654.0,2.533333333333333,0.0,2.533333333333333,2.533333333333333
High-Demand,Morning,Demand Rule,7,30,660.7,0.0,0.0,0.0,0.6
High-Demand,Morning,Demand Rule,8,30,661.7916666666667,0.0,0.0,0.0,0.36666666666666664
High-Demand,Morning,Demand Rule,9,30,663.425,0.0,0.0,0.0,0.5333333333333333
High-Demand,Morning,Demand Rule,10,30,667.7916666666667,0.0,0.0,0.0,2.1666666666666665
High-Demand,Evening,GA,6,30,1195.7142857142858,1.0666666666666667,0.0,1.0666666666666667,1.0666666666666667
High-Demand,Evening,GA,7,30,1200.6476190476192,0.0,0.0,0.0,0.23333333333333334
High-Demand,Evening,GA,8,30,1201.4476190476191,0.0,0.0,0.0,0.36666666666666664
High-Demand,Evening,GA,9,30,1202.547619047619,0.0,0.0,0.0,0.36666666666666664
High-Demand,Evening,GA,10,30,1205.4476190476191,0.0,0.0,0.0,0.8333333333333334
High-Demand,Evening,Regularized Reference,6,30,1194.0,1.6666666666666667,0.0,1.6666666666666667,1.6666666666666667
High-Demand,Evening,Regularized Reference,7,30,1198.9333333333334,0.06666666666666667,0.0,0.06666666666666667,0.06666666666666667
High-Demand,Evening,Regularized Reference,8,30,1199.7333333333333,0.0,0.0,0.0,0.0
High-Demand,Evening,Regularized Reference,9,30,1200.8333333333333,0.0,0.0,0.0,0.7
High-Demand,Evening,Regularized Reference,10,30,1203.7333333333333,0.0,0.0,0.0,2.433333333333333
High-Demand,Evening,Demand Rule,6,30,1194.0,1.6666666666666667,0.0,1.6666666666666667,1.6666666666666667
High-Demand,Evening,Demand Rule,7,30,1198.9333333333334,0.06666666666666667,0.0,0.06666666666666667,0.06666666666666667
High-Demand,Evening,Demand Rule,8,30,1199.7333333333333,0.0,0.0,0.0,0.0
High-Demand,Evening,Demand Rule,9,30,1200.8333333333333,0.0,0.0,0.0,0.7
High-Demand,Evening,Demand Rule,10,30,1203.7333333333333,0.0,0.0,0.0,2.433333333333333
Reduced-Service,Morning,GA,6,30,654.0,1.5666666666666667,0.0,1.5666666666666667,1.5666666666666667
Reduced-Service,Morning,GA,7,30,660.7,0.0,0.0,0.0,0.43333333333333335
Reduced-Service,Morning,GA,8,30,661.7916666666667,0.0,0.0,0.0,0.3
Reduced-Service,Morning,GA,9,30,663.425,0.0,0.0,0.0,0.3333333333333333
Reduced-Service,Morning,GA,10,30,667.7916666666667,0.0,0.0,0.0,1.6666666666666667
Reduced-Service,Morning,Regularized Reference,6,30,654.0,1.5666666666666667,0.0,1.5666666666666667,1.5666666666666667
Reduced-Service,Morning,Regularized Reference,7,30,660.7,0.0,0.0,0.0,0.43333333333333335
Reduced-Service,Morning,Regularized Reference,8,30,661.7916666666667,0.0,0.0,0.0,0.3
Reduced-Service,Morning,Regularized Reference,9,30,663.425,0.0,0.0,0.0,0.3333333333333333
Reduced-Service,Morning,Regularized Reference,10,30,667.7916666666667,0.0,0.0,0.0,1.6666666666666667
Reduced-Service,Morning,Demand Rule,6,30,652.5,2.033333333333333,0.0,2.033333333333333,2.033333333333333
Reduced-Service,Morning,Demand Rule,7,30,659.2,0.06666666666666667,0.0,0.06666666666666667,0.06666666666666667
Reduced-Service,Morning,Demand Rule,8,30,660.2916666666667,0.0,0.0,0.0,0.4
Reduced-Service,Morning,Demand Rule,9,30,661.925,0.0,0.0,0.0,0.4666666666666667
Reduced-Service,Morning,Demand Rule,10,30,666.2916666666667,0.0,0.0,0.0,3.566666666666667
Reduced-Service,Evening,GA,6,30,1195.0,0.7333333333333333,0.0,0.7333333333333333,0.7333333333333333
Reduced-Service,Evening,GA,7,30,1199.9333333333334,0.03333333333333333,0.0,0.03333333333333333,0.03333333333333333
Reduced-Service,Evening,GA,8,30,1200.7333333333333,0.0,0.0,0.0,0.36666666666666664
Reduced-Service,Evening,GA,9,30,1201.8333333333333,0.0,0.0,0.0,0.5
Reduced-Service,Evening,GA,10,30,1204.7333333333333,0.0,0.0,0.0,1.0
Reduced-Service,Evening,Regularized Reference,6,30,1192.5,1.1333333333333333,0.0,1.1333333333333333,1.1333333333333333
Reduced-Service,Evening,Regularized Reference,7,30,1197.4333333333334,0.16666666666666666,0.0,0.16666666666666666,0.16666666666666666
Reduced-Service,Evening,Regularized Reference,8,30,1198.2333333333333,0.1,0.0,0.1,0.1
Reduced-Service,Evening,Regularized Reference,9,30,1199.3333333333333,0.03333333333333333,0.0,0.03333333333333333,0.03333333333333333
Reduced-Service,Evening,Regularized Reference,10,30,1202.2333333333333,0.0,0.0,0.0,2.4
Reduced-Service,Evening,Demand Rule,6,30,1192.5,1.1333333333333333,0.0,1.1333333333333333,1.1333333333333333
Reduced-Service,Evening,Demand Rule,7,30,1197.4333333333334,0.16666666666666666,0.0,0.16666666666666666,0.16666666666666666
Reduced-Service,Evening,Demand Rule,8,30,1198.2333333333333,0.1,0.0,0.1,0.1
Reduced-Service,Evening,Demand Rule,9,30,1199.3333333333333,0.03333333333333333,0.0,0.03333333333333333,0.03333333333333333
Reduced-Service,Evening,Demand Rule,10,30,1202.2333333333333,0.0,0.0,0.0,2.4
Combined,Morning,GA,6,30,654.0,2.533333333333333,0.0,2.533333333333333,2.533333333333333
Combined,Morning,GA,7,30,660.7,0.0,0.0,0.0,0.6
Combined,Morning,GA,8,30,661.7916666666667,0.0,0.0,0.0,0.36666666666666664
Combined,Morning,GA,9,30,663.425,0.0,0.0,0.0,0.5333333333333333
Combined,Morning,GA,10,30,667.7916666666667,0.0,0.0,0.0,2.1666666666666665
Combined,Morning,Regularized Reference,6,30,654.0,2.533333333333333,0.0,2.533333333333333,2.533333333333333
Combined,Morning,Regularized Reference,7,30,660.7,0.0,0.0,0.0,0.6
Combined,Morning,Regularized Reference,8,30,661.7916666666667,0.0,0.0,0.0,0.36666666666666664
Combined,Morning,Regularized Reference,9,30,663.425,0.0,0.0,0.0,0.5333333333333333
Combined,Morning,Regularized Reference,10,30,667.7916666666667,0.0,0.0,0.0,2.1666666666666665
Combined,Morning,Demand Rule,6,30,652.5,3.1333333333333333,0.0,3.1333333333333333,3.1333333333333333
Combined,Morning,Demand Rule,7,30,659.2,0.1,0.0,0.1,0.1
Combined,Morning,Demand Rule,8,30,660.2916666666667,0.0,0.0,0.0,0.5
Combined,Morning,Demand Rule,9,30,661.925,0.0,0.0,0.0,0.8
Combined,Morning,Demand Rule,10,30,666.2916666666667,0.0,0.0,0.0,4.7
Combined,Evening,GA,6,30,1192.5,2.066666666666667,0.0,2.066666666666667,2.066666666666667
Combined,Evening,GA,7,30,1197.4333333333334,0.16666666666666666,0.0,0.16666666666666666,0.16666666666666666
Combined,Evening,GA,8,30,1198.2333333333333,0.13333333333333333,0.0,0.13333333333333333,0.13333333333333333
Combined,Evening,GA,9,30,1199.3333333333333,0.03333333333333333,0.0,0.03333333333333333,0.03333333333333333
Combined,Evening,GA,10,30,1202.2333333333333,0.0,0.0,0.0,3.533333333333333
Combined,Evening,Regularized Reference,6,30,1192.5,2.066666666666667,0.0,2.066666666666667,2.066666666666667
Combined,Evening,Regularized Reference,7,30,1197.4333333333334,0.16666666666666666,0.0,0.16666666666666666,0.16666666666666666
Combined,Evening,Regularized Reference,8,30,1198.2333333333333,0.13333333333333333,0.0,0.13333333333333333,0.13333333333333333
Combined,Evening,Regularized Reference,9,30,1199.3333333333333,0.03333333333333333,0.0,0.03333333333333333,0.03333333333333333
Combined,Evening,Regularized Reference,10,30,1202.2333333333333,0.0,0.0,0.0,3.533333333333333
Combined,Evening,Demand Rule,6,30,1192.5,2.066666666666667,0.0,2.066666666666667,2.066666666666667
Combined,Evening,Demand Rule,7,30,1197.4333333333334,0.16666666666666666,0.0,0.16666666666666666,0.16666666666666666
Combined,Evening,Demand Rule,8,30,1198.2333333333333,0.13333333333333333,0.0,0.13333333333333333,0.13333333333333333
Combined,Evening,Demand Rule,9,30,1199.3333333333333,0.03333333333333333,0.0,0.03333333333333333,0.03333333333333333
Combined,Evening,Demand Rule,10,30,1202.2333333333333,0.0,0.0,0.0,3.533333333333333
