Scenario,Period,Stop Sequence,Mean Wait,P95 Wait,Peak Queue,Period-End Queue,Final Backlog
Baseline,Evening,6,3.327,6.968,7.467,2.067,2.067
Baseline,Evening,7,3.38,6.878,2.6,0.333,0.333
Baseline,Evening,8,3.656,8.073,2.2,0.333,0.333
Baseline,Evening,9,3.504,7.566,2.6,0.233,0.233
Baseline,Evening,10,4.222,11.613,9.667,0.267,0.267
Baseline,Morning,6,3.449,8.321,7.3,2.167,2.167
Baseline,Morning,7,3.583,7.893,2.333,0.2,0.0
Baseline,Morning,8,3.693,7.603,1.8,0.2,0.0
Baseline,Morning,9,3.685,8.625,2.833,0.2,0.0
Baseline,Morning,10,3.733,9.415,17.267,0.833,0.0
High-Demand,Evening,6,3.313,6.937,9.533,2.8,2.8
High-Demand,Evening,7,3.379,6.976,2.967,0.333,0.333
High-Demand,Evening,8,3.569,7.89,2.8,0.433,0.433
High-Demand,Evening,9,3.586,8.254,3.333,0.3,0.3
High-Demand,Evening,10,4.21,11.591,13.9,0.4,0.4
High-Demand,Morning,6,3.436,8.367,9.267,2.867,2.867
High-Demand,Morning,7,3.431,7.789,2.9,0.333,0.0
High-Demand,Morning,8,3.651,7.664,2.133,0.3,0.0
High-Demand,Morning,9,3.729,8.843,3.467,0.367,0.0
High-Demand,Morning,10,3.755,9.449,23.367,1.167,0.0
Reduced-Service,Evening,6,4.014,9.846,8.733,2.067,2.067
Reduced-Service,Evening,7,4.226,9.684,2.733,0.333,0.333
Reduced-Service,Evening,8,4.222,9.914,2.267,0.333,0.333
Reduced-Service,Evening,9,4.341,11.073,2.8,0.233,0.233
Reduced-Service,Evening,10,4.95,14.094,9.833,0.267,0.267
Reduced-Service,Morning,6,4.608,13.306,9.7,2.167,2.167
Reduced-Service,Morning,7,4.777,12.55,2.6,0.2,0.0
Reduced-Service,Morning,8,5.298,12.563,2.067,0.2,0.0
Reduced-Service,Morning,9,4.985,13.395,3.2,0.2,0.0
Reduced-Service,Morning,10,4.911,14.704,24.5,0.833,0.0
